,0,1,2,3,4,5,6,7,8,9,10,11,12,13,14,15,16,17,18,19,20,21,22,23,24,25,26,27,28,29,30,31,32,33,34,35,36,37,38,39,40,41,42,43,44,45,46,47,48,49,50,51,52,53,54,55,56,57,58,59,60,61,62,63,64,65,66,67,68,69,70,71,72,73
0,-0.023162058944646624,-0.02293907259701998,-0.03251196611216939,-0.05327184077294796,-0.05131938195304613,-0.061813880138364564,-0.049333761361819245,-0.04891002519068377,-0.05445826819329643,-0.03801324827166594,-0.05567560267031302,-0.05524428938518925,-0.05395333729109731,-0.051953494810494515,-0.06935211216967009,-0.06431188110081186,-0.05685605324365045,-0.05248023250728336,-0.047030134109754984,-0.04335148508348874,-0.031209024727472973,-0.039672361346611666,-0.040423945448765534,-0.05561206744633415,-0.07408242732843552,-0.07029426208928366,-0.05512647081868669,-0.05677569396170268,-0.03594065790906717,-0.061440902850363965,-0.07656285388975796,-0.07817656205732917,-0.09082566255934586,-0.09211789951639938,-0.06101659687002712,-0.05797774502504196,-0.040154427650231445,-0.03866549420211111,-0.03270902723488173,-0.04238870530016764,-0.025216392784373414,-0.03274502372412446,-0.022180224109240355,-0.03448608421717818,-0.03884803136198111,-0.04414131535570088,-0.054540533933544834,-0.05319355671789698,-0.06425753172582606,-0.04886893792365104,-0.0359063791544811,-0.06000111500859777,-0.04048362944568922,-0.05671952392753033,-0.089256253252908,-0.08479785510356051,-0.11157433814255674,-0.07988806927009477,-0.0789404938094752,-0.08587953398893192,-0.07581883391290546,-0.09175884155088113,-0.07571820427035948,-0.061367045491366845,-0.07523975805273014,-0.061908166399814474,-0.06332825162529693,-0.07519283978621454,-0.06603677722296518,-0.04862680460252768,-0.06516829297334605,-0.03583770566434369,-0.01009277318844156,-0.007219010976339969
1,-0.027910932483435263,-0.03153158591060856,-0.019733926884564854,-0.0036844473140085917,-0.022584696539858663,-0.020003091535996213,-0.03464759985258087,-0.025667635165883912,-0.02937098978031727,-0.022446233640819834,-0.020322831070096872,-0.025641452748443472,-0.02841374992796475,-0.01780327100972377,-0.017579661681943443,-0.019509889550063702,-0.013669606180519952,0.006017919602845863,0.022481652874112756,0.028116101546431477,-0.030199463613204774,-0.007913127369435414,0.019641922648659826,0.006190234672488419,0.0600166125822899,0.10230823356291345,0.10695228096347105,0.15212024060868654,0.14021100307288945,0.08791722659077761,0.04439883214811453,0.04042510592466171,0.09201490499232795,0.05552505772981065,-0.003923963010956155,-0.01978418175729998,-0.06170655561335272,-0.03555057386110085,0.011259194272109765,0.05151885187281841,0.06399321065936721,0.022342227430917964,0.004299570464033718,0.026386919379333764,0.02342811849147632,0.017436798141506154,-0.03246293273963933,-0.04105738472560704,-0.04949539542044365,-0.022742370791551544,-0.007962767451095693,-0.04196957105385099,-0.0031983012537840846,-0.013873428898917897,-0.006924623561063055,0.004216448018199029,-0.04995196435140973,-0.05585773920613841,-0.0006827418636205241,0.028649311505724417,0.011086721981097098,0.004006567817155736,-0.05058254661720545,-0.04720631269750497,-0.041293092418213086,-0.018964667783087048,0.03477828697389153,0.02790351123061216,0.042837254255239626,0.042871723450351375,0.03210240602084106,0.032626371883167464,-0.013534918525836012,-0.0615056945848606
2,-0.008589089946683188,0.029057191983455345,0.023186175090853994,0.0317657043860105,0.02570835665154919,0.04308891979261708,0.04262583001805972,0.031004707977495827,0.005699315870202411,0.021071821097251222,0.017065427460059377,-0.028891290388035496,-0.03312631311585285,-0.037640591700705155,-0.04829714176698449,-0.04056475604120037,-0.03771459662521192,-0.03773027366923135,-0.01571922149435515,9.230256005434562e-06,0.014975494682744577,0.047500232841806274,0.03886599246126615,0.00869258320804916,0.02108366235890648,-0.01720466030838356,-0.0041156924942441055,-0.03080719291009937,-0.016030596737114416,-0.01375640250143193,-0.022520406073625352,0.03467369014874847,0.0316671847320145,0.02142763605924854,-0.009860113952752776,-0.013992696868645666,0.011502127277897714,0.020766838976180247,0.08105819704409513,0.034273326814615195,0.017515091734978668,0.031804676639552096,-0.0035718428835213784,-0.015819925668319596,0.02972323329341241,0.054661073453967236,0.07029870578449403,0.036944096478986825,-0.007396150489951831,-0.0075714219842958,0.0015633392886154757,-0.016803172017664136,-0.04292296828706194,-0.029575095076881105,-0.05339756307161467,-0.029584574712688227,-0.028537653449761335,-0.040592295234729486,-0.0025027754886374418,-0.03298222801200048,-0.016474710602263312,-0.06621701666984639,-0.048806058627369864,-0.02155571982537041,-0.030986932801428727,-0.07562386565797531,-0.10665585020957259,-0.07403873880401635,-0.06598518096113028,-0.04507937640929832,-0.08427814188390281,-0.03985600015700267,-0.023022357502934965,-0.053582652005529835
3,-0.010254345683728558,-0.018740798166999605,-0.031150618089496096,-0.035391681757066445,-0.05351498300589471,-0.0758022047479931,-0.07412086132651359,-0.08921519828101539,-0.0980055815639333,-0.11171644865272602,-0.09340124185779224,-0.10736618004118866,-0.09811648602422983,-0.10586167524609869,-0.11682614483311109,-0.08503092076303269,-0.06710944841013085,-0.03138073451668377,-0.046057130744186624,-0.05666337514928047,-0.06279856214780756,-0.0527095479080098,-0.04385016253849359,-0.02862919961961334,-0.04857551567119908,-0.048283860592641815,-0.039420598860946475,-0.026385461495785887,-0.033508044814332165,-0.042794317741951075,-0.038840212616349415,-0.04938266009946926,-0.047335765469321334,-0.04675855449202035,-0.05902891435373869,-0.06401057498293337,-0.06024311635684592,-0.04467032614978366,-0.0061984999687975315,-0.011965210736917373,-0.01720623790283306,-0.02242027703473716,-0.04145558176340393,-0.007751443262761772,0.00036561049030362755,-0.009696606409821914,-0.02036618220910685,-0.060806702074610385,-0.04493905872661744,-0.04046325947907318,-0.05466181048175132,-0.05989021117415655,-0.04489917053228649,-0.018046980901437068,-0.019048468960474785,-0.01131337132051557,-0.0017409594166076907,-0.013872545542117655,-0.014215057497285336,-0.01238816973333346,-0.04774175612391629,-0.038896945697818694,-0.042598513596673826,-0.028695343948780677,-0.023035114838830573,0.0015572117252699441,0.014143932099804087,0.018919049951088087,-0.003174009017162676,0.006630774824334392,-0.016772815407841087,-0.006236289452856251,-0.010245625207624334,0.0024452078648347277
4,0.007779080581891353,-0.02779444978808084,-0.02185801062203403,0.0013958891244863758,0.023044014117154853,0.04516884908933675,0.01757213555202722,-0.010956223731125522,-0.021759812153104973,-0.002021886665389154,0.08015858075923814,0.0979262057453648,0.08418973222570307,0.026160270051895085,-0.006701042843212229,-0.012464010041237003,-0.056378783387877766,-0.09867990564871122,-0.08159459762043857,-0.10178935788223376,-0.06673761436799645,-0.03303336111817016,-0.06076676994856197,-0.015856402158985917,0.0062105433723082136,0.06671081044679157,0.022170991631443895,0.06190820451850715,0.01100102186644396,0.029455770077030607,-0.02601860071754497,0.041026282660817065,0.02377048631424419,0.012611294381113594,-0.04788291462869896,-0.05225715273273696,0.03778949991129113,0.10154971424409776,0.12393807218292269,0.06586290628478254,0.11883848209541516,0.08351673645418063,0.11794164493407876,0.07134345961548665,0.09051951649388733,0.03504790503378249,0.04847077021501265,-0.011615247935017744,0.04229512192522844,0.0172241846263349,0.026630794359815635,-0.013230866947955713,0.009739534598761227,0.0021525297896951997,0.007825735397746959,-0.0054669692981830055,-0.046811904681203866,-0.0555115313687645,-0.08524950741071351,-0.0966819355305679,-0.09235135294983815,-0.10966102783851854,-0.11052493048581515,-0.08021059797218898,-0.0921747612320098,-0.07075540820469928,-0.07368507836575376,-0.03288162219716676,-0.02837878282521922,0.009588954450783194,-0.04341572123324938,-0.005399339042061215,-0.03728888230613891,0.013815140692562414
5,-0.08976293461075036,-0.11192774010631813,-0.09064076853015375,-0.11000549512615286,-0.08230286297173113,-0.10942081604225624,-0.09853042373989103,-0.11456118682071526,-0.08090739466050993,-0.0737649267479769,-0.06062434334149395,-0.0785764788253413,-0.055244405951697544,-0.0831326398927743,-0.07347596023335413,-0.07290006366762265,-0.025639051056880236,0.018877536543561328,0.046452528105423774,0.05249274785284972,0.046713137966963914,0.020505843054748465,0.03413740229600519,0.05586368971511733,0.06349163658620667,0.05595143009992404,0.0702998027043067,0.08975424146774935,0.10297303421036628,0.08008932779522838,0.06474393374333688,0.06354126288084504,0.04003219808075124,0.04846704681344002,0.009902714284634169,-0.0005544323072362202,-0.024138003385139068,0.02082040982656321,0.04527552667253567,0.07854961742720579,0.06135640527038596,0.0618530979058298,0.03218621510066462,0.051996772570983396,0.05767162437959513,0.05695446002834339,0.02430299982026549,0.02465265030978431,-0.011204783446665867,0.014990425819748465,0.018252473592117225,-0.004021260446778367,-0.023863660344495177,-0.0015447361850365563,0.019652196308681247,0.03570639184024891,0.022062503296672822,0.00862862685937071,-0.008434078467693456,-0.0356236790065164,-0.08571213226665515,-0.10904987581251514,-0.10806618957454293,-0.10528498877990633,-0.05927239034764619,-0.03967860305143654,-8.781702251845745e-05,0.010634026746732536,-0.014110215455110911,-0.042168701424800725,-0.047483259841274356,-0.05100004393335159,-0.06375982973365601,-0.08837853644364624
6,-0.026932619713075843,0.025135627121146444,-0.027541052431324237,0.03709404311284592,-0.003423070442135781,-0.05083032815849348,-0.06208564848424375,-0.057134748092745956,-0.08668267093912917,-0.093942563813528,-0.08151333435408255,-0.09102162615866527,-0.07450035998398104,-0.10030177221206847,-0.07513751156524463,-0.06510264011003186,-0.08052046515882405,-0.082111908364736,-0.095821431888108,-0.06880802288784546,-0.055328883213035425,-0.042256141886431724,-0.057286142189280215,-0.04541469718515065,-0.05979964657673506,-0.06457064124257868,-0.05238362681462189,-0.03958654553677165,-0.04693850904953609,-0.0992249626893628,-0.09672343045479925,-0.09663743556292564,-0.07683962382600261,-0.07298809822638738,-0.05823416252860658,-0.031128826206660132,0.02392463083703973,-0.01009602424655082,-0.0227143420261605,-0.04558725268910732,-0.049512706455469284,-0.013129859786471756,0.01886791936807251,0.02048773201529086,0.03221702511902929,-0.00021491865452964257,-0.013097296294294646,-0.05956512946730175,-0.06540987558525611,-0.027290688653726473,-0.0037109186637164873,-0.013251149493006431,0.0020224196337185756,0.004958670637046989,0.0005119789101781777,0.0005156089382121835,-0.04183380324718727,-0.03309287587898687,-0.046486893683272246,-0.0493652722994791,-0.0483162558484637,-0.05464894512876089,-0.07028584677084955,-0.08091059964658615,-0.07112312256623914,-0.053502768755278346,-0.04215126977192932,-0.048187539674222284,-0.043197778361846,-0.022431455796231913,-0.02890557466087452,-0.024191678551943444,-0.04103521378455813,-0.034932455459376864
7,-0.06747006844999014,-0.07065134128267277,-0.07422670512779579,-0.07506853285838756,-0.08750776693728812,-0.048024703397847514,-0.038329988991214405,-0.05262829416698908,-0.05237384645557541,-0.06829236855258629,-0.06852441739031999,-0.0670446318671803,-0.06368402414599006,-0.042694071195674706,-0.06254829715707205,-0.03046128074394712,-0.04287793432891183,-0.022686716515110627,-0.007947394999271341,-0.029948122315282894,-0.029332161104341812,-0.04528106154634746,0.0016806626129803742,0.015368902756720542,0.021100747588166772,0.018099531756834677,0.03144967039820623,0.016466750097919817,-0.0013441479251271825,0.02298117161566476,0.017380830375896168,-0.02726635582153636,-0.009907100219966125,0.0015087183889818812,-0.004225971414492693,-0.027688279739537348,-0.03577863071784196,-0.044723602484598814,-0.048269432242298516,-0.07329764378718863,-0.03168500305749001,-0.02943312288128734,-0.01962281602833183,-0.02216103935080961,-0.01943748795640404,-0.011562022586981824,-0.02027749386197237,-0.03357901467779526,-0.0034591821856791174,0.011450957127251018,0.016614140429326563,0.029210969824159775,0.02469369315280398,0.022043579818766718,0.013244934223301051,-0.006221180684278289,-0.024387200110545487,-0.02049949367893158,-0.05575868175423848,-0.014611940309943278,-0.019996923133265083,-0.007623218793318068,-0.014360799569571111,-0.007889531229297779,-0.018232873184740015,-0.019219471391649385,-0.022541068568099076,-0.013303702409776045,-0.05804123888919899,-0.048948184984878663,-0.07548907351293721,-0.0859485759152581,-0.07847722010815848,-0.06951376132939974
8,-0.04778728659534145,-0.09690638991373546,-0.11896469958508958,-0.09103593194799653,-0.07193716168729343,-0.05562547782440581,-0.031741830088753635,-0.030585050391583064,-0.010101819782354629,-0.022013107713924233,-0.04102138196205478,-0.042066105328824925,-0.0353653773524014,-0.018465233628517184,-0.005148694689475818,0.015179926058200352,-0.010131538215476852,-0.03934371713678459,-0.02701019785165849,-0.049778731566094296,-0.058091625585778434,-0.01350974817697087,0.031922939477389896,0.055013419420950754,0.04186810811912497,0.008712229757427933,0.022880779123297123,0.030390728550948588,0.043042313604861694,0.06205014905025721,0.07659031209269807,0.0869768376789054,0.05329408177110042,0.028124167658734014,0.005465050871760835,-0.04171309609044388,-0.011318204611027158,0.0460353790076223,0.0993345204951218,0.101391511323888,0.07527083115168547,0.01708435218819761,-0.04033347974677465,-0.001741261740714013,0.024241864671360164,0.03633609489115415,0.01939896509719557,-0.01849556860201423,-0.02728064891411433,-0.012355966430077499,-0.019546640986858085,-0.03567589221851632,-0.024337886230868452,0.015228121852319221,0.049700069863560625,0.05411439214122885,0.04222782130459751,-0.00854387283144036,-0.011473212967896036,-0.020244452809303485,-0.059440342095367076,-0.08710569188048246,-0.07647159155114476,-0.050930960118795075,-0.013284809778242363,-0.0010746838046690084,0.009429409047333267,-0.007084974576127407,-0.021669752886615035,-0.012312926335223818,-0.020137921920732046,-0.04274266602618256,-0.06489920450843531,-0.08182133202193798
9,0.005768100574616628,-0.019693442958629705,-0.03243890855514761,-0.06612413363923843,-0.03888910485356158,-0.011712393578757425,0.02589349526695814,0.018269510091105,0.014803987252676079,0.010337035611238428,0.01791194846440629,-0.0009948035871837912,-0.04893447253259406,-0.05078513791627054,-0.06333519552552329,-0.021014887122301387,-0.03298799012692274,0.008799713428782677,-0.004751008455569885,0.02418355126623498,-0.013724986311541072,-0.01849678639030622,-0.001332010470781746,0.005495464651575358,0.008792068137872167,-0.007514900484112917,-0.007254541116208063,0.01320345175320948,0.0009474880131129954,0.014111891455213925,-0.005588043420586081,-0.004360709783254334,-0.023059322882189887,-0.006833577866786802,-0.046612502004680895,-0.038820487650387335,-0.03930389601482785,0.04737743929922592,0.04504064874644731,0.08092631752673228,0.05196478034956781,0.015251979009847176,0.003927231303424963,0.03614893445273672,0.024241353821749526,0.009452721519838366,0.00257376380060377,-0.05362745280762393,-0.050557920304045406,-0.048607634093531076,-0.025629089094749997,0.0016267029461378753,0.02200845098298641,0.03630604753210635,0.049013467659370924,0.02809755238176601,-0.001200846385129466,0.0012301068510321793,0.008888922467045564,-0.007200913380502167,-0.02230165224627967,-0.037484370599982726,-0.014776982622813026,-0.020909578341523485,-0.014714063377642606,-0.009424428349798985,-0.010375518801766749,-0.04315255307519986,-0.07155138296789491,-0.08973383659396995,-0.05846923519854758,-0.04684877210926507,-0.05227154664428708,-0.05078444006552732
10,-0.041896278898974314,-0.07487549248970082,-0.08056511640856329,-0.07101424900576651,-0.047914646017906466,-0.026497815883373105,-0.03557057287953046,-0.03211524510599883,-0.014967867696901819,-0.02255832160285835,-0.04486680147706867,-0.053117548597093556,-0.05146527063608051,-0.041572460511533633,-0.028590815535075656,0.0009077978028726933,0.010732158414633668,0.023471796550990052,0.034366261022024995,0.019855681147378516,0.023299223472821068,0.011717362029475703,0.02708089801509705,0.04584516984889999,0.0652123385230891,0.07094990797819518,0.054825556741965896,0.04862540253183756,0.025252367139183583,0.006758482309657352,-0.013906493943481757,-0.020109870634879432,0.011338458014653482,0.04947162819670211,0.0400194173738952,-0.010739097378586004,-0.036891694460634554,-0.014772164587009721,0.048740974967094175,0.07699396059860453,0.10172321788650357,0.07000698952146452,0.044445292073819496,0.04838219674384378,0.02802887192586129,0.014475304518331426,0.017824192501384374,0.0029606724072157686,0.025800017518679653,0.030887409916348526,0.019586937750366285,-0.0026675204812842772,-0.0020006629987825582,0.03157341033715159,0.058622831399668736,0.058717973812638456,0.04834393633028979,-0.015402134958964572,-0.034235987084277025,-0.041834205083900795,-0.05166380366943604,-0.08876222888801899,-0.08079499447295534,-0.037185279509691395,0.0038693903599025295,-0.007359093727581319,-0.01524100431039739,-0.0564928935244505,-0.07649180759304226,-0.04754977725787165,-0.024784782323049287,-0.008318893354152167,-0.007138535843623302,-0.028036383461169555
11,-0.019582609242868712,-0.10664990451817115,-0.08489277332801896,-0.07148988213075638,-0.11282304657640303,-0.08913102950660046,-0.02723542402138039,-0.08236959052812699,-0.06079705335346991,-0.0907712579365756,-0.13515341581609783,-0.09644941878956574,-0.08753230132025791,-0.1270760546760147,-0.12031428186927684,-0.08255087691478927,-0.09656689669323552,-0.06746666430032493,0.007434967674554031,-0.021639034922121575,0.006417534277235587,-0.01598664165610742,0.001137039007271486,0.06232560683075364,0.022233900828075765,0.05038158999579959,0.03997402268262062,0.023183557736728703,0.025390933004511607,0.007501274956386773,-0.023350373433036396,0.02466097311887321,-0.0004889982017140989,-0.07334153254214894,-0.03758752517111575,-0.04227669430225439,-0.04981088987975987,-0.0010067543280095233,-0.035986078492390904,0.015022137839306908,0.08331997836785657,0.06706866598252358,0.009701959208943458,0.0011337338453509167,0.021703344705220794,0.0022937620473025503,-0.005492387375667059,-0.02574525413312942,-0.015082008886446683,-0.03671307703155979,-0.05571977432352526,0.04097243758547409,0.022215599210695183,0.011552788700486394,0.05878572070045927,0.07591445185098598,0.016957529772730302,0.03800073355615674,0.0027708212356129434,0.005469644987471947,-0.023557153593162076,-0.04347575221582354,-0.04267344713379748,0.010626149733970082,-0.04348727452682279,0.039957067726766916,0.0683162137798638,0.029645583668678598,0.05289206716065911,0.059524923457816965,-0.0036385220516999255,-0.0015651144445511826,0.006015988601406362,-0.042553960717776555
12,-0.0470860470993767,-0.06214570579119035,-0.06715215246431432,-0.059742386413961755,-0.04773025841905303,-0.031020139359410583,-0.05274833167532698,-0.05470569343117684,-0.05208517114700379,-0.056099288816008695,-0.04043754879064775,-0.02991890787083841,-0.053904509282398365,-0.06341507629598232,-0.040717821981387216,-0.010975511330400587,0.02348518951060209,0.03351969044999629,0.019496020317366334,0.012937902370430377,-0.024346444957269144,-0.019824452604744434,0.012880063638895147,0.04410087052779025,0.03555851550760769,0.038547235964519665,0.050925931107555215,0.05685657609798416,0.0400549212796085,0.011912597815188317,-0.009183458900176376,-0.028984021519638515,0.0004087936846027274,0.014648411814756125,-0.00940462890336867,-0.049176977152723754,-0.029745372185720223,0.04384799999484237,0.0968135748238103,0.10994897495142923,0.08196188744829519,0.06156360557859334,0.043244350395313436,0.04258607937666397,0.05169928636495163,0.0691634927401034,0.050500614581344944,0.01695716551515662,-0.017752968353665348,-0.0003018342979606593,-0.014395043481512425,-0.017285286194934284,0.01731601996598578,0.02773601754328245,0.013005362920629404,0.012067301443009486,-0.023689647415613465,-0.05820635606631357,-0.04814913873551379,-0.08404113616619457,-0.08835428890299797,-0.06185992536781169,-0.0692493174882034,-0.06384748463086017,-0.04387436969447319,-0.012208811822487347,-0.010882957351584942,-0.01988748467298224,-0.0347751824351449,-0.03624828508124491,-0.027095290064345,-0.03418662702095089,-0.032853488559443374,-0.06376221856312082
13,-0.04601903010279303,-0.042582718499117996,-0.088517739197364,-0.09968365051640697,-0.11061191242341366,-0.11144330591986812,-0.09009512228030832,-0.10353364207682979,-0.0986415606008696,-0.1025144229366343,-0.07533011077156936,-0.046010649184128394,-0.052808097668411845,-0.04201894990912386,-0.058220802790033034,-0.05995172222875548,-0.027356585263321315,-0.02878292297335117,-0.0016507917248354074,-0.010225593971794759,0.015031401134090364,0.016229680503832618,0.026938584941793176,0.02258931634085531,0.04263028863928257,0.03654812174410244,0.06280049545380322,0.06002964685062956,0.03923110772700883,0.005780038827637006,9.169764086099559e-05,-0.01211322201912649,0.01650873508793755,-0.016193764456548215,-0.011043484084030969,-0.051743653191113605,-0.0437734812814873,-0.024930379372628857,0.05129908592378133,0.05059232191644338,0.06063168197906932,0.050588715129627815,0.025870591558302295,0.029991549318445446,0.031167752858009923,0.0403347861625751,0.026765633958630467,0.01686066835153625,0.017680744523791404,-0.007207008998165631,-0.01711159004543625,-0.038335496033538044,-0.01515997621248341,-0.01473394161752837,-0.01159604167163811,-0.006204039069126042,-0.012259736325920112,-0.007861702283645472,-0.04148812561860477,-0.0471822101977944,-0.07781454299952141,-0.03711567049547735,-0.054776441502709446,-0.03595145404573535,-0.08854999142985771,-0.02283382585694481,-0.015585645052779956,0.025902203690057978,0.003899867027607679,0.008255131623133674,-0.031038484467981853,-0.03446640626629165,-0.06311937077555195,-0.03691842513797922
14,-0.042530188703645784,-0.08642151880462845,-0.06924615046127114,-0.11837550692685837,-0.08370791321986287,-0.0939277085679357,-0.07156219605619017,-0.08377499721560999,-0.07333166791319888,-0.0826496447570222,-0.07282560154100677,-0.04920233534680044,-0.0385345585462352,-0.02512505581491357,-0.02738225605474393,-0.010836296191325452,-0.0027598859038228895,0.002975020237470142,-0.00023451842844766403,0.016704630838044642,0.008114373765345557,-0.011475200632984706,0.00836138302235805,0.041254709080873524,0.0523394401886195,0.06086465115076586,0.0655216890007878,0.07059738451814412,0.07980255143951814,0.06593535442444769,0.05291562862542607,0.049516970506199555,0.06167978993874603,0.06126653781977546,0.041404231066951784,0.0171248356359594,0.007127793190665709,0.03535925251979343,0.046524512189804045,0.061470686114929333,0.07601791328811004,0.05901859013271152,0.07014391691811699,0.027858635650330255,0.060712771691780104,0.025275769985576697,0.05676775825968095,0.041899949396534526,0.03434239576634435,0.04323467379004958,0.03372432733270776,0.0070580790999278005,0.0307564891083139,0.03903418061170339,0.059492103385513966,0.06252014725466593,0.04524144380362982,0.04182941214319482,0.027412979374471947,-6.55782840370828e-05,-0.039932806994493565,-0.08878291037350805,-0.08273175088611062,-0.07811586570331232,-0.05959020034684811,-0.03013876692185229,-0.02570954960994641,-0.016817309004873052,-0.013504654769556484,-0.032889465182259166,-0.013088621912201481,-0.04168411381484289,-0.050092922283435516,-0.08379677156250996
15,-0.05318096656304858,-0.0498987905398355,-0.058287519370770674,-0.06526296730879229,-0.10792615954150764,-0.09403960224206664,-0.08852668292501298,-0.08270147067128474,-0.10110213646677531,-0.0772644309682343,-0.07470018250054027,-0.029148198770218372,-0.023240367702280093,-0.032913433191268666,-0.036407214968433896,-0.052458784598417074,-0.04856492319805658,-0.03541416025690025,-0.03687097060927964,-0.041690795535066355,-0.034856917643061675,-0.04070958778779935,-0.03906188128456894,-0.014643491887600437,-0.03865678321083411,-0.01881362217614403,-0.03580278226702851,-0.013071559298895521,-0.004002453405997087,0.01420903722481858,-0.027847441209887996,0.0249872933935687,-0.05223738844911716,-0.030147563593267673,-0.03941943644937285,-0.03162476117321592,0.006522662694822008,-0.007277150883003365,0.03946669877128262,0.016407864692823525,-0.0025815752205961893,-0.020576439273760568,-0.03403357557276443,-0.05815817519329521,-0.02678495843771588,-0.030271183752641925,-0.0016934534160101542,-0.028389703368942764,-0.0027672546198597085,0.009133722232115357,-0.02056159521706564,-0.014212357183609177,-0.027195120153654,-0.03115019867722422,-0.05400616101735755,-0.030996837390878846,-0.04921308964804283,-0.050367818000321925,-0.05179400294111852,-0.038561539520431655,-0.030281767658074384,-0.037138484825622764,-0.04020555301220402,-0.02315600473756897,0.014706103318173493,0.009302376011820974,0.011088163725202412,0.019668024653079905,-0.012696331803902157,-0.026882529563116153,-0.04471342980974926,-0.08112299063854626,-0.05439223090892792,-0.024249362058569535
16,-0.00992632540758001,-0.00823045970634115,-0.013070705908666803,0.008418131188717383,-0.008000486566809899,0.012122210531007751,-0.008762406459667303,0.014733719665817402,0.010246954669700712,-0.00143628114155805,-0.012252974706843991,-0.04696596227253616,-0.044628755633442374,-0.033666411673786485,-0.037189824562842505,-0.005762074063471632,0.004711366993011184,0.03190984517619305,0.016844052686102354,0.00832212443736373,-0.0010375566689583445,-0.0067129877446056585,0.011142681743708902,-0.003596592068789791,0.02635947465701376,-0.009688674404021042,0.0042535012555502735,-0.0029100630375998014,-0.02342516551662266,-0.02851037016018056,-0.036099564904359505,-0.06173536112644141,-0.047788392636819804,-0.07282587107949982,-0.02022380660067598,-0.057929310257915506,-0.04860043226387234,-0.028666539457176426,-0.013619074664028069,0.005724960591333483,0.0444190378549535,0.03824417682664607,0.04029323735139761,0.00989210057508544,0.0413545472627214,0.04310704623158133,0.03371606783296729,0.01621897800233735,-0.012787668518397891,0.005975773087400469,-0.052520930754965355,-0.031030255422970082,-0.026270377899714172,-0.06324237277043279,-0.0434744459354881,-0.04082638339244118,-0.04213832595919645,-0.03208906760929264,-0.05206924331581089,-0.03319253990349145,-0.046151680570824055,-0.0414058634466015,-0.04413426996014954,-0.032700626673049384,-0.030837933669381593,0.0033387145577216675,0.0026926639861045106,0.017471755284500366,-0.03328546011924477,-0.02607898868048919,-0.048210995613637786,-0.027799824586207014,-0.03037409835531008,-0.05125908583971093
17,-0.02176555335290664,-0.02089008744099509,-0.028299559797212225,-0.0370738924950292,-0.04536380388740188,-0.020405448481052694,-0.03546973882873115,-0.027789369266394415,-0.013695330647702217,-0.01318718314963562,-0.04122577438942799,-0.0260030262727437,-0.033506865774392915,-0.04230941875287018,-0.03825142374882809,-0.04115003610589963,-0.04066971940110032,-0.016052468866053087,-0.010270294026504258,0.0020096246295711272,0.012440429886771858,0.029455339707371037,0.013853947846132567,0.017442051314012205,-0.005186508938716385,-0.01672113256970509,0.018643098796012007,0.02372281026363936,-0.007412663157403437,-0.004685848219887386,0.00386042303348409,-0.006702715786365429,-0.017739535944102033,-0.014780229798738831,-0.031687259524732184,-0.053163347891697466,-0.04148116326261108,-0.028391517207135727,-0.0017085415182790387,0.008241268306193887,0.028556992920745473,0.04719247068748822,0.028647893502244923,0.04073152742458241,0.01755994119615555,0.006106734202384417,-0.01234239271055227,0.004503170692022831,-0.02687636110528173,-0.028639690552531367,-0.009020335554588815,0.04846313218424817,0.08153478200385048,0.08543363287700802,0.0637810484066408,0.023221429908770616,0.00878552509106098,-0.03415781808243669,-0.03624971935873376,-0.07080320447454917,-0.11109959232042593,-0.05167345579087074,-0.05701659852336805,-0.05180148544648594,-0.0843452561387336,-0.07811879344321261,-0.07797643204333403,-0.06962946280547841,-0.08458583685477782,-0.06746359167173295,-0.06160777536667056,-0.07129821798691338,-0.07960400126451037,-0.09800851241315085
18,-0.07322014117718444,-0.06228547948831701,-0.08396533928968941,-0.06898498514520006,-0.048558634472214646,-0.03510475148198477,-0.038438938226727844,-0.02291213440683802,-0.027036269855318706,-0.02122760425740787,-0.023541281447616687,-0.07859616306637697,-0.09389629256786869,-0.07401965001395087,-0.0461540955375885,-0.04453483348407536,-0.03889856619860808,-0.037866348045150856,-0.04210507455593688,-0.07906075233346807,-0.04791868242838857,-0.0527215623408366,-0.05879710981887349,-0.03284999291224629,-0.013935093775056693,0.008756234960467728,0.02411159892171059,0.037867822328341266,0.04865948668636663,0.0446364054900123,0.011331757578614031,-0.023192357197173802,-0.009917535065128756,-0.00468895675409466,-0.015268986991055174,-0.020439164008189133,-0.036966694996096026,-0.029683866962230205,-0.001425434287749087,-0.015811034648338437,0.045843109066182476,0.028061594165727833,0.025081098591724072,-0.02738663386393447,-0.025364075494066867,-0.040907725021230114,-0.02286308914626882,-0.029629119154506982,-0.01974605904865671,-0.027043755456106388,0.0257335480670302,0.003955830980575709,0.007853624601408841,0.007774865689720144,-0.007210188836189385,-0.016841066726466795,0.011881489575929069,-0.012464908972923445,-0.04471329457683495,-0.07066467756846088,-0.07404049524563226,-0.0736534976741272,-0.07238902655669077,-0.04417980780154892,-0.0838472810924682,-0.04725329266610139,-0.06024535252346228,-0.027578742670902517,-0.03722718338445211,-0.029502732792576137,-0.03868739227634433,-0.039392258604222775,-0.04177435852584915,-0.061983228493027454
19,-0.07957357675148519,-0.08233460400319345,-0.09436077628935435,-0.09039150264503244,-0.09752822370544521,-0.09948420602108475,-0.07340421858163995,-0.08902896205559985,-0.10977934070119066,-0.10891398549734371,-0.1120141079551975,-0.09403796471431373,-0.10305115876371344,-0.059671066402687434,-0.058079453819000725,-0.03483158628648983,-0.050142844195003124,-0.02874517172265119,-0.02449833941457936,-3.3538300073877404e-05,-0.006565769980291562,-0.007284594195368701,-0.013641710067636925,-0.01928144914332368,-0.011012384876362876,-0.017489955739609205,-0.017070072386220804,-0.012569226465836822,-0.025406892458132144,-0.0410170306271452,-0.05015520930940217,-0.0184553333110514,-0.01821770968849231,0.010414098802273081,-0.029369455672430943,-0.04503498882795227,-0.07428712761408697,-0.0581106787236692,-0.022859547212029232,-0.006954101667928959,0.014531601698346481,0.010274800460678907,-0.015661590513987002,-0.017951662693521338,-0.029650376399928097,-0.026132087692688145,-0.017753454916852502,-0.011280640388210151,0.005955747894524255,-0.0027419768285282023,0.026405079462145733,0.009552130739869512,0.045540528393171374,0.027322955261996112,0.02983478625420698,0.019426600563698118,0.004372136451930249,-0.0033882076923643506,-0.0005794526791800952,-0.020264308908493983,-0.011644490660961652,-0.0424064881014388,-0.0013731413629336081,-0.03436135518354008,-0.01113340952908577,-0.028233383270467566,-0.031295237292977916,-0.03561193270952767,-0.01848521524173038,-0.04707369609918766,-0.015517517532001654,-0.0713416797997631,-0.028116088117685425,-0.02767285680500257
20,-0.08039182384523957,-0.05154310560556938,-0.08118252739541232,-0.07576893654677361,-0.07647472879907581,-0.05101938155665675,-0.04534262933353548,-0.050568515832815096,-0.03433687965346414,-0.07174054428844852,-0.06410376787559763,-0.09697440861327289,-0.07556019280236859,-0.08429450965813558,-0.06465290768971717,-0.07381232431750853,-0.01231197603645462,0.010428590693356292,0.022802560647452997,0.03751455040115578,0.04954175358379357,0.023135182191674885,0.028970486222759096,0.0305356213110121,0.011192938066510815,0.005444667251595128,0.03678233863504779,0.05224460605774173,0.025842797673967546,0.012391563430465852,0.008160859172449282,0.0005735947894432436,0.011380652727586045,0.03526118868520294,0.019642308595910245,0.015036721903007312,0.017137440099651232,0.028701267362989363,0.04338684462192514,0.061350981744856904,0.0674942131316187,0.049396283608312365,0.0466502337793983,0.045257858448136436,0.04944605777698646,0.0252083729707356,0.03274096493949336,-0.02699956390179589,-0.012593290792440448,0.01074491095225258,0.031043214037128158,0.03020698422341153,0.028832165956242287,-0.016102030421992587,-0.012957575212989047,-0.029650854142760166,-0.025434155141326183,-0.04041373785498236,-0.04486936515718561,-0.05069552227879804,-0.047049791633693085,-0.05363875930457181,-0.0478612623255329,-0.019669576668636838,0.005788963561311946,0.018989420861769496,0.01876137784432502,0.02471175353713742,0.026880267071242487,0.009516425049534769,0.022662388061027532,0.011893788689370355,-0.02729679430872679,-0.0340512847070641
21,-0.06621612358951333,-0.06934641727669426,-0.07275851921362789,-0.07535076811261938,-0.097314720882151,-0.07972096693011425,-0.0596520119655661,-0.0596825139540059,-0.03984026831651586,-0.05614811897557145,-0.050716504408153944,-0.07563205029830385,-0.06061874948829634,-0.06511080362707648,-0.049383523662190905,-0.05198562064686596,-0.02593154884015127,-0.04277979829616116,-0.031169485344746433,-0.0485799552915562,-0.053249317031967724,-0.045654974097604134,-0.038610144984094825,-0.052015992221013406,-0.05114683832886651,-0.05874484949126901,-0.09081696615512302,-0.08781475787838401,-0.09294339451260324,-0.053310405481200175,-0.057270283952573116,-0.04816889996041546,-0.0510792817207251,-0.04383785616284754,-0.0800095035827838,-0.05295503325696488,-0.07229611648528227,-0.08937508173587659,-0.05734970019484659,-0.07428133316740425,-0.059376748810833685,-0.08579745685778699,-0.0705875135332638,-0.09836803673997835,-0.07778083119937441,-0.10626306666366947,-0.09996914444124544,-0.1097788242757115,-0.11842305766595045,-0.09414612610611739,-0.10930714674002949,-0.10052583551304835,-0.14025943321878806,-0.12455852793615135,-0.10902913528043613,-0.058866516340233745,-0.09454225403260062,-0.07343443877269758,-0.10061824552650489,-0.10815863582697077,-0.11810749983029263,-0.13050992765496777,-0.10225653970797517,-0.07918583947198245,-0.05347383345296144,-0.03593411002482975,-0.036157679082195804,-0.06672197347975709,-0.052521689127198144,-0.05415736906426028,-0.07275794844574854,-0.08996010521579247,-0.12272296127820183,-0.11516014225793252
22,0.012659876621998259,-0.021542140115856565,-0.019183439988092573,-0.009184604765530433,-0.022382280121311448,-0.014737090548917746,0.0022433973672740075,0.015607918891686313,0.014411250570778454,0.028156130042102986,0.027184800069744802,0.034247663853905534,0.02226573918839383,0.017388716900716795,0.012386640799896792,0.02288410419910394,0.04916493900579829,0.046189220394667725,0.03458867709763893,0.030786298463441525,0.022292526971631463,0.06959563027801402,0.06119421499572955,0.04313577024095271,0.010024056957846124,-0.0016303806618487412,-0.0032677375300040703,0.0038756006390139627,0.005931621637838304,0.021307927515699623,0.01876562377448886,0.002291035639063204,0.042555650701323534,-0.0018531557522093883,0.011692755337117486,0.020170052568306965,0.017669149502377694,0.03265934652465508,0.024897764281724268,0.04448277359900605,0.056323960939041955,0.019445498041346872,0.0215224089344614,0.010626660037346363,-0.023213876088176152,-0.01249123888595948,-0.005207655148012424,-0.019181018870421205,0.0012464295752200062,0.008094452592788392,-0.02062216961057426,-0.023951024875871127,0.005485692552905139,-0.00045730058339776266,-0.037027630700939534,-0.027253384565878825,-0.02588286034444671,-0.021519069219853432,-0.036730119287854975,-0.0495337421017464,-0.05527825463878724,-0.030829468188154078,-0.05172357780858706,-0.056422138665966036,-0.043953298972733555,-0.03940668092318699,-0.04187411431863173,-0.04132500856303706,-0.002841635239493042,-0.01373878366434604,-0.01687427874778203,-0.029762290679415077,-0.0107214952273178,-0.031033480872588098
23,-0.05666121126753237,-0.07511396421343436,-0.09360888251489748,-0.0832543224110903,-0.08285635688549896,-0.06886107517231298,-0.03407096530649468,-0.04343254476358426,-0.04184927839277444,-0.04759686406123722,-0.051914037288201924,-0.025076350115409457,-0.037849875557936834,-0.05005229329299482,-0.05544848156966462,-0.052944136185636405,-0.016629912603021452,0.000150717299659277,0.018564084922287945,0.021082003556326164,0.013979972503897884,0.010358690826322273,0.022046817275740233,0.03826143568497667,0.03155306811016431,0.028453654377368066,0.022078223577269813,0.044583483369158544,0.04690122255818204,0.05142235624836188,0.016736869737405676,0.011563044307453106,0.008936754593147547,0.015417389696872646,0.025377680587741078,-0.00010803608058367596,-0.010402177857001043,0.027787507247108337,0.0828082760741577,0.08681576428764254,0.09752496369950586,0.050093007108548394,0.0468031480535186,0.04438326757441143,0.05722043948845288,0.04441854416925862,0.02321751572819397,0.017339108078871703,0.012492460640940875,0.012082858544371973,0.007192144374707654,-0.024398738444761894,-0.016535026209109033,-0.019454004022010803,0.011350785212079995,0.018208544315928953,0.01137588982955951,-0.000548634550185559,-0.016862782126558267,-0.011098527354186913,-0.06347735391337096,-0.06646004799879558,-0.06537382919966765,-0.0632531897991613,-0.03314110973433625,-0.018878241038591707,0.027143494427192546,0.0003909321237269703,-0.02821389335145233,-0.04341372815797933,-0.055899168043177176,-0.059109380962945775,-0.05627601570582646,-0.05316173463882252
24,-0.04741867087790178,-0.05562855462700452,-0.04456708533419276,-0.02932963162039055,-0.01592628728617352,-0.012946219569786968,-0.0231132879217457,-7.083630027293576e-05,-0.032352341742396186,-0.042339667697544575,-0.07172513892181609,-0.12227867979650127,-0.09022553044310903,-0.12464223843553963,-0.09888821707566646,-0.07607566646118676,-0.08676378837687226,-0.08602750093015683,-0.06586904855428717,-0.020811207971567467,-0.042868256768865104,-0.029951369566669175,-0.028965706534543573,-0.015865771993073263,-0.02942022883366661,-0.04005754323322456,-0.009397916465987685,-0.022636408694402626,0.004010588663062209,-0.03295840019459803,-0.0042713921973396045,-0.04834425073976118,-0.03463866726812571,-0.06863857285981732,-0.10561567895688316,-0.09844047739861124,-0.05359591752380718,-0.02381114924614522,-0.013460367154439629,0.00575748058606039,-0.04181124696087827,-0.06795879102733454,-0.045173535358103895,-0.04751928712318598,-0.01978161384472329,-0.06311120142556552,-0.07173444893752194,-0.09233167851377498,-0.07358448533366056,-0.029950243021933592,-0.0596125504932375,-0.04906553175270687,-0.07666180821354239,-0.04979020840462336,-0.03982852567085607,-0.028357475890047844,-0.047103921630115564,-0.024288837843287076,-0.008331264682677954,0.002022382328191683,-0.02661716307107041,-0.027934250988871992,-0.05783210189393973,-0.06244368793169152,-0.030602635704387798,-0.05458318781265888,-0.02074462588798438,-0.061143123191433356,-0.06906652399305241,-0.04154387092571308,-0.04837023614095304,-0.03028508686956269,-0.08017683233099905,-0.04298926162462416
25,-0.07276796764180568,-0.07006864586740821,-0.061250200169275563,-0.0779656751380359,-0.04520910757068324,-0.06163285648983488,-0.032222518962420045,-0.02440113627953698,-0.04784920722398212,-0.05862391954516879,-0.06054137943464386,-0.030351817984439755,-0.03875964732744722,-0.041163435203302866,-0.0180650337563547,0.013845147453918719,-0.013352395638480981,0.01551075100574296,0.01506337120668052,0.003096972851245491,0.017684814071089988,-0.012093677246511522,0.02092522725667585,-7.998499284064704e-05,0.011443211616925934,0.0034687949003418647,-0.00589881773150229,-0.004366489687079203,-0.021819336898528482,0.005039974431900039,-0.036890099206233644,-0.014512434262465882,-0.01433101530021542,0.005140749707640947,-0.036474270218635654,-0.03696075753822981,-0.04534876387623746,-0.02287662422585174,0.0002541560448857839,-0.04099917426477974,-0.045560127446983206,-0.05104913473007803,-0.0315102517699074,-0.01112583670314734,-0.01750608147978677,-0.016420839216873262,-0.028919432715748487,-0.06346939901791848,-0.06839522171805407,-0.05312019431808473,-0.037630497096334224,-0.038332072937368414,-0.031100033337913485,-0.01925472400573354,-0.028403569022295457,-0.014036803096092487,-0.035303964196483344,-0.018550303235300377,-0.047882388700599264,-0.05710043298455828,-0.0841083579508786,-0.09983269706476512,-0.07145970056522877,-0.05775109125275655,-0.05304543061165976,-0.0022918995256043886,-0.0070313685318195525,-0.01505052687655973,-0.028762848706021388,-0.012772420142144345,0.0064464282314443564,-0.013050434245588471,-0.036648105147252884,-0.04714414796146049
26,-0.043388028875293194,-0.07461516337600063,-0.03420470863039101,-0.018584199730672726,-0.03828887622927485,-0.03367875389950529,-0.06877804353756521,-0.06128539563750712,-0.04098607670981253,-0.019830843714074838,-0.04839795884999234,-0.030937404752171754,-0.05179056354996748,-0.06269695318928678,-0.06624581247607791,-0.04704875166373429,-0.01704871692638926,-0.0047997478726048,0.006815577878162968,0.023101037461821572,-0.004958638183373744,-0.0009063923576252703,-0.020115451905864893,0.008075368059016845,0.00502625619833752,0.022627607108501414,0.031773890587261745,0.03076824597240969,0.032653051770135694,-0.013915434201870643,0.003865074956904585,-0.014899895695731023,0.021486242825182616,-0.007418732487775318,-0.014539380209367056,-0.029236501094083298,-0.011190200571881257,0.00809866798144409,0.05005258951801111,0.07054587157113179,0.0574587549103236,0.047492179223537434,0.03932824425885667,0.07252216585808625,0.0520162602118484,0.04571335861482775,0.058069961978190976,0.03798869984969309,0.015332554014918889,0.015944376059369533,0.03680090276615406,0.03827058396808918,0.053803114003389295,0.06415558601604372,0.04984385393426125,0.029777782966655814,0.028657872410263917,0.04021504994677978,0.01352168250259444,-0.009210685752597913,-0.009422713134894982,-0.03062884848574191,-0.0452711761644091,-0.044095548590519305,-0.040811779537369176,-0.0342733058529288,-0.013117480054860525,-0.004988586055579232,0.008329989083250328,-0.02231089559267674,0.003570145338611179,-0.013612079544615616,0.0007225007944250805,-0.012392713311365438
27,-0.05121337808857388,-0.01520495271432023,-0.05938330608138689,-0.037519084878345134,-0.02926837187146099,-0.01989566942265899,0.010609589509879133,0.015665368249294518,-0.010353252784305133,-0.011913737603576844,-0.02414449612384251,-0.05940606940945289,-0.03966672692371048,-0.0661076547092888,-0.03945295052038201,-0.027447048335679666,-0.04012489249127188,0.02378774199846842,0.014253659631045612,0.028541941770201456,0.04252314443391656,0.0027621904555212955,-0.02208957117586709,0.032303385296362695,0.03441734231787694,0.039923601026089474,0.04110198639555563,0.04176351880081957,0.019367346275707357,-0.012883917371378785,0.012311995732327052,-0.02056950296290165,-0.011674312987886173,-0.006095507256727491,0.006313272892752835,-0.011207358722238187,-0.029843906370969713,-0.004036349044165964,0.05464301061721594,0.05339214296754486,0.04254092166810028,0.01842789968199705,-0.026920253906206917,-0.019062348426795588,0.008026321073419341,-0.01271632388234347,-0.01785036367444925,-0.03034854951691474,-0.04833662222566945,0.04435389006359191,0.013806388364406693,-0.007993512258760313,0.012708438173423082,-0.02139579871681595,-0.015993090868680605,-0.014405729030713327,-0.030196620211988084,-0.04467052829888968,-0.0544813813869599,-0.07075008774468534,-0.029400406421078402,-0.011150971979866121,-0.02620292251611048,-0.0009431182920135034,-0.004422076110059417,0.04961391588498593,0.026922675763115023,0.024336339758528103,0.03804846696757717,0.016297866063502264,0.011382418137770656,-0.011573320178730641,-0.014270070709778307,-0.03624356510124502
28,-0.028827677737587275,-0.03302646236827305,-0.032404577103535705,-0.031659348684932524,-0.014585173807941491,-0.01155951460241523,-0.0009280822339939187,-0.012468009158165748,-0.014932279987484929,0.00581975135003851,-0.018170275498110195,-0.02304430634987842,-0.028454067910666046,-0.03183847697699544,-0.033942272999732175,-0.03371866361567959,-0.023591623971534637,-0.023529276429547042,-0.011219519084784394,0.0049394423365141,-0.015335019934685709,0.005169893952206349,0.0024737229599543754,0.013073556345767248,0.03656573875212456,0.03288594091468528,0.04344495210799063,0.022346457380819962,0.02819230971641847,0.01606336803151246,0.026138359554167375,-0.009589707413380343,0.011390224403555353,0.0044386989052508305,-0.01404798549070399,0.014429668108635432,0.01241518646158777,0.00850673872799897,0.034731660152679054,0.01612598187190055,0.035107862147105484,0.025654078852881592,0.02336597650860978,0.02178599435018631,0.01593742672773775,0.06436475657531861,0.02959622092244919,0.02920566119581265,0.01700105556017319,-0.0032485509409425663,-0.007152155382412884,-0.023055694448671938,-0.018744642767651445,-0.01110873348087877,-0.02459122594952441,-0.013504185983876127,-0.015701749451855974,-0.020747757155207512,-0.015441771044842933,-0.06299567555147949,-0.05966339023868409,-0.057625360905669006,-0.0661327696432346,-0.06742467512305837,-0.07127643569260093,-0.07400621811260168,-0.03825874774163158,-0.034534711988482465,-0.0311509784684763,-0.05471242553914096,-0.04227682105910772,-0.020358125552542718,-0.006194736208474637,-0.014919033689206404
29,-0.06049593328583867,-0.08188044022934841,-0.08532802732575949,-0.09041169967050729,-0.09039797885152412,-0.08131299695913212,-0.07104346671042945,-0.07238063347561123,-0.07104540761011813,-0.0683612142351481,-0.074654366847534,-0.0450523067338681,-0.012637795411556204,-0.016551481120468,0.008300319747175754,-0.0043004695433668,0.007112392487005567,0.0023360282956051276,0.02757825809095273,0.01664478407986549,0.026142339736354176,0.01105555868414039,0.007810164146082821,0.025578508110324222,0.02559668901422542,0.005197829336189859,0.01613675354123992,-0.005505829019867466,0.015204504587758585,0.032901459407675505,0.02495761907504243,0.01709693062975695,0.020575566127915074,0.03086273171068964,0.043137481897745356,-0.015658948622934526,-0.0398818586413198,-0.0519945161653847,-0.0031759959138312733,0.026515789416146993,0.060618057340216254,0.08070633530686626,0.03891150657126328,0.01402365899107716,0.018198915463468673,-0.011766044250334362,-0.0016489364109014855,-0.009673453308597804,-0.030423540056125676,-0.010060880808392746,-0.006805135671451791,0.006437724411942145,0.006072492316932979,-0.02863538466358971,-0.02235859061387095,-0.04825886250720484,-0.03970301993368704,-0.04705127755743755,-0.04455164815674612,-0.04540742635913538,-0.04916944866257458,-0.06732589184078568,-0.07582102558310123,-0.034263680766588776,-0.03704596711866793,-0.04374983442620567,0.00023717896438456838,0.007800747117219588,0.02511746083231756,0.014717294365309672,0.005377792151792013,-0.012082729917353714,-0.011422615280321824,-0.05304889617223602
30,-0.08529016776942755,-0.10052202004993656,-0.10521827359265101,-0.10362086354449283,-0.12137934829751669,-0.1285101748328482,-0.10611471885166852,-0.10158149080398164,-0.08132042343079186,-0.069751486809021,-0.07877151896257698,-0.05567992021273032,-0.05562085622830243,-0.03848246108006283,-0.03411939817796023,-0.02946792775331314,-0.01046884475181605,-0.0018377228341818809,0.03012531722662862,0.034526999715295874,-0.006235202148119247,-0.0063060436046738595,0.00867574026332794,0.010385765299827394,0.019528265643312323,0.012141302062127742,0.015236503854971101,0.02542702784432907,0.01771428266647449,0.015425558200342191,0.0004257710733400587,0.0045083278341753975,0.00463804992156752,0.03279924659112755,0.011461270390546898,-0.013680621860596107,-0.022479900561038536,0.02653671883685625,0.05211074999361367,0.07083445707019573,0.05848106420087034,0.033343473997485835,0.01575378196914571,0.010893794326596868,0.03217063014504223,0.01988094392940677,0.02224509184629099,0.0005124693318097959,-0.008700294609199046,0.027744745772478648,0.0395518200187818,0.02259810425669118,0.03262750134808662,0.0226791970465277,0.014561510497449118,0.030704846641744072,0.013027329883036218,-0.005577170504741842,-0.02542339229284793,-0.038615299616067515,-0.06524609121730907,-0.0693175032476943,-0.057444008474133466,-0.06012154903600467,-0.050571573789997874,-0.03985780129784796,-0.01733241019724142,-0.011289607228009724,-0.021627202202903966,-0.009091097163341133,-0.023387366995478272,-0.01973608152776515,-0.024793880135227233,-0.056532313668333216
31,-0.0684213168920799,-0.08332070452619668,-0.07086363158042691,-0.0769951211683196,-0.08095424077922041,-0.09318294158881446,-0.08099019521630853,-0.08945727376038053,-0.07054405629478736,-0.050121332700976316,-0.03522159881133732,-0.042381486330652175,-0.04385636295892734,-0.05993237499374821,-0.03427248815617739,-0.033659527374691696,-0.015403673801122368,0.0448064446868179,0.08170644809635598,0.09841589946981738,0.07813041541205133,0.07209184828917804,0.07346138966730996,0.08799809850405088,0.07689358924921655,0.08256923372003565,0.08849393318802679,0.0786569168654746,0.05160133299315558,0.055778293347423645,0.05936058130292432,0.03977576367004992,0.04419235037213878,0.04067265096781927,0.025334780024071107,0.0074343179665265794,0.019384256204041606,0.03494895074076779,0.055050187003911934,0.07696468610799556,0.06561703517091334,0.05423247436906397,0.06022567203474318,0.08638344774326058,0.09161406206845142,0.07839797439606953,0.042524162999160696,-0.01112309552662325,0.00493636204672122,0.02712731835121855,0.03811061642418307,0.0400291070020918,0.028979871771184443,0.019342148479498777,0.0012662319389996405,-0.013453475073883073,-0.03169450389528539,-0.05349468112636999,-0.05624710283263537,-0.029533708734330547,-0.06775429093178396,-0.04581343384378309,-0.05803290332933686,-0.06877121636272794,-0.06204715996946622,-0.04486172326038545,-0.05152697906500589,-0.03825843141472766,-0.03922919359892755,-0.04765800776200638,-0.04366278434948053,-0.03944106002798036,-0.044317551972842185,-0.0661409089182231
32,-0.02359724039201405,-0.04704860291105467,-0.008471780354171912,-0.026852133120938666,-0.038567053898387896,-0.05713599321182234,-0.03974089799935275,-0.018241976320818518,-0.010421388764753953,-0.02178816442270463,-0.020957527038020844,-0.022077870401623765,-0.009366645443296026,-0.012695017334492678,-0.06665108266949608,-0.05969664933664609,-0.06843557875838363,-0.04589750055823971,-0.04180108954493992,-0.014805839398191795,-0.034620122415392564,-0.048609435929907886,-0.04073438059902963,-0.03925091647862424,0.00528465093476727,-0.005631576030797389,0.008921051027801283,-0.020599859830652253,-0.015048542207912652,-0.035233409322252045,-0.043241531745649715,-0.06478062587718948,-0.05538550158084433,-0.07897539416230855,-0.0621977890198864,-0.07338072311932463,-0.06816096220625271,-0.03182369299540609,0.002364119858790985,0.019816899065549027,0.027016965883589986,0.008332404043497799,0.010365662566606152,-0.0015033030205614459,-0.007965678641129131,0.0025190102883462127,0.0044926959620357415,-0.003580919770503081,-0.03164516056842545,-0.04722879407678776,-0.018317225744033373,-0.04380830777577053,-0.03563073174121615,-0.017894886825965444,-0.010124108240765225,0.005044403210226538,-0.013821740925808937,0.01610315364260632,0.026032228210007013,0.02341332023380276,0.017601747603038072,-0.013895307136701722,-0.03569395038394919,-0.044230115729700904,-0.023845126505510284,0.0036642675570030523,0.030727369678199404,0.0003379408611479326,0.020522404378590143,-0.009082457675790292,0.01635240865998612,0.026823855066377217,0.03558680772843655,0.023880654315869113
33,-0.016437937298659794,-0.006845861219067366,0.006761924886667621,-0.02878289468654449,-0.02942950391684544,0.0039821106370115334,-0.010818082957671957,-0.01624067930181099,-0.021939758539175975,0.002078620747201355,-0.030952792870089358,-0.020764142570375184,-0.024989924381973186,-0.023958769474732123,-0.021993237166624144,-0.007295584766767354,-0.01703233917495768,-0.029371654032463747,-0.012209005910852564,-0.024848996470301227,-0.022787759832504893,-0.0327716578891439,-0.039244722195350475,-0.023928493448886468,-0.014904104113916634,-0.020595087068990017,-0.03396283064794812,-0.040432727756332755,-0.031821277858764256,-0.04014761248407676,-0.04063421009665915,-0.04332696860853019,-0.04977025868797661,-0.06727349712655777,-0.03991952658139076,-0.05371818362830514,-0.056269743927669064,-0.04472438833152428,-0.05575882675290814,-0.01850236470131452,-0.031776143703770986,-0.06594895620278195,-0.07482004214261322,-0.05532384190613098,-0.04703951259134,-0.06115235225216734,-0.03725854528857572,-0.031187003983860855,-0.03809518464393818,-0.028641230371073245,-0.03767673331173869,-0.02156503016594441,0.007333272816182984,0.015609295207916879,0.018756087461273507,0.008052942455175507,-0.014300341411976884,-0.020031358037867073,-0.006653404175818074,-0.0339307489641816,-0.0038491702053565628,-0.00771395831110819,0.008724373702808442,-0.011717804921352548,0.029172419961835505,0.0008257109857066659,0.005861157603016662,0.020361663884807746,0.017110670058949267,0.013749595712487447,0.030057469113519975,0.04188544287002658,0.06980245071666975,0.07102366298071003
34,-0.03526556874688567,-0.04910984575137334,-0.047846400737540984,-0.0746357097601823,-0.07258992120441411,-0.06919787712458444,-0.08412711487748144,-0.09765932141040427,-0.08666958029543759,-0.09837792428563798,-0.10145491813791689,-0.07359488344195879,-0.05984701073617901,-0.0440958116913325,-0.05766606141219443,-0.024314027346309757,0.0067749929996235225,0.047135222731079444,0.10140831380998581,0.08839732233554587,0.07967868133727343,0.08707192224242478,0.10297958637351894,0.08522545735859384,0.11338324677684597,0.09809607257143992,0.09669162986736525,0.10502755498912425,0.09341134528911872,0.021937248677508556,0.0006704019824997336,0.010855172803087029,0.01985397210524551,0.016181667746032195,-0.0015590790573544488,-0.011078311120776627,0.003041202252715268,0.05657484564197993,0.0851656721858587,0.06617961812436578,0.06972812888035264,0.029841642031998006,-0.001044555380502914,0.027934679735835615,0.05334432559427276,0.07069563590728838,0.03764006398087672,-0.012615645110646513,0.015549555322561978,0.03120536009880821,0.03542181378574059,0.034164794566674095,0.05923559333322753,0.03610304251774558,0.02978613471117437,0.010979146940038861,-0.01687975020618585,-0.024694693529476296,-0.0328504815647779,-0.039416257544874815,-0.07819264425701994,-0.10204333367318341,-0.10583940826396353,-0.09690972667445535,-0.03638621437862959,-0.012767711985060638,0.036789147431975124,0.015972793540645024,-0.030260861225735108,-0.015791800973285197,-0.03568873450975967,-0.030485957615096454,-0.04493814570588691,-0.05863788119080896
35,-0.0463777327998667,-0.029658079193156838,-0.029595147757828733,-0.045315286449692294,-0.03226561773623466,-0.025656324777270256,-0.04518709022008951,-0.0018174899370994833,0.03437880849282577,0.015269769598044701,-0.0002507895316863947,0.009609409444887564,-0.008892193810713591,-0.037818554602535956,-0.059532828754928956,-0.04717227806819522,-0.034172990500748776,-0.015630040487717496,-0.037214262482557846,-0.052441152853771246,-0.05413944599274897,-0.01971839044526977,-0.04533860300632566,-0.021181111938849185,-0.02891302595613367,-0.05560430727259982,-0.07068927838480839,-0.044061124839796066,-0.05961314818358476,-0.04704298708508897,-0.07867906495252257,-0.06365542155418681,-0.04811358616652212,-0.06815658338587989,-0.05767864130112737,-0.0710841222008875,-0.10890039228134286,-0.06551722172484828,-0.051330160486679655,-0.06721902671542193,-0.07204037032019404,-0.0722070964229403,-0.08301184733562965,-0.12286555834643302,-0.09031557052628751,-0.0915603400913107,-0.09810267422156166,-0.09342538377632026,-0.12113360580758553,-0.1028001884308538,-0.10748390764700931,-0.11019542731278459,-0.10000683144806309,-0.07251524738715513,-0.06261918996855367,-0.0271741373752917,-0.04559015099181193,-0.08582154521304701,-0.07190060591647753,-0.08075649613888468,-0.05199921946350694,-0.06899790023829298,-0.07551590130072056,-0.08031622680099644,-0.06970494048348864,-0.06390282274394833,-0.07818062539316609,-0.06653266281177343,-0.10420937877579584,-0.06254017133394929,-0.07043337880511953,-0.05268501054881696,-0.11873737912334681,-0.12490890216769024
36,-0.0490011397257629,-0.05293790171248964,-0.05897132967982511,-0.05731341023496583,-0.060080549036632507,-0.05000738863704237,-0.054180060252558705,-0.04483454274528039,-0.03732675203161148,-0.03335861781049434,-0.05458616530615631,-0.014129719369329538,-0.03191364212955524,-0.028116471503590496,-0.05357277876240135,-0.03245139464354721,-0.025652710870272558,-0.002233722583043667,-0.013851165195293192,-0.020516969138045512,-0.03610034250725077,-0.05163248823707509,-0.03562727090276909,-0.014612556776425568,-0.00951703696487118,-0.004988477403095587,-0.005808774176039772,-0.019097022499901407,-0.026279065477192987,-0.022836259166933562,-0.024913540151939154,-0.016297894524100884,-0.03723420908326726,-0.0122942858593967,-0.02871997651638113,-0.0390389115094343,-0.041967874107118476,-0.005411100601915321,0.022888121724254612,0.04485206570753847,0.03554190693493698,0.022019627832543465,-0.0184566023491948,-0.01881266313772631,0.003019110025770131,-0.0067765409220599425,-0.0011824400753398894,-0.026846847543342642,-0.029021697927344287,0.0009616342429798006,0.008481895370564744,0.04489315043524933,0.047798584319113706,0.07668610139216757,0.03832296239921562,0.03914903594853945,0.0008560623566787566,-0.014696157147508234,0.014464755047611801,-0.030401236814783943,-0.04962645889248412,-0.04106103733692219,-0.050915196755898735,-0.04426721229958597,-0.03607402080823055,0.007222943114823331,-0.010863587713382285,0.02181988715286685,-0.011780537460043851,0.015484442478065068,0.018055215742452013,-0.0010870252209974364,-0.01610471339819681,-0.007988280423395716
37,-0.06930992013811442,-0.11373266021194234,-0.09876589608460214,-0.08958400645821013,-0.05827833662100743,-0.029629573416546266,-0.0883851771092939,-0.10290811998825226,-0.08128945148117911,-0.10599449847947595,-0.10322752613051733,-0.09007765036153974,-0.0834643170902048,-0.04211024429380448,-0.08605248349692467,-0.07185974642386035,-0.062189083328930195,-0.08196200478515912,-0.06662397997727702,-0.06670165573852149,-0.06685185299730241,-0.050736290196554734,-0.025377379048237666,-0.051911068688663936,-0.04085954666854432,-0.047549882482201405,-0.0629137788481887,-0.08104848914688846,-0.030988995645256437,-0.052057207398255506,-0.07604821252272276,-0.06820386051103776,-0.06896289717424518,-0.07637130100151145,-0.09114784613228367,-0.016570236168507408,-0.023238883415486463,-0.026403124917745605,0.005006524872817058,-0.005981312161169043,0.02682859182535745,-0.009866361484229522,0.015158629687943825,-0.011193275511209695,-0.03150817420908207,-0.04181258368569473,-0.08065838354288905,-0.05153754473799219,-0.08498706486045393,-0.05947311558909319,-0.10122541004865887,-0.017389044270412737,-0.08334985631416791,-0.06401012395735545,-0.094691529641184,-0.015034563307410544,-0.012215054876571497,-0.014003695629166889,-0.05401835894642821,-0.056664622549863326,-0.0657345401454215,-0.03756808004223252,-0.04358321280407521,-0.07277236399176376,-0.09166139166568797,-0.10543925943956983,-0.10690191688429197,-0.0647563156468618,-0.05879486420482954,-0.028771304041853355,-0.04195451630302019,-0.015705147580656834,-0.035514279851312315,-0.028571952126759212
38,-0.09428404710921372,-0.09613964320307655,-0.0786081064849563,-0.05990131734024672,-0.06955711622988658,-0.04983207414922089,-0.07442773904694235,-0.075408025754699,-0.0763640447280945,-0.06832944662730016,-0.08010148009695324,-0.06935625153012355,-0.07435370150821126,-0.06458366451420476,-0.0824781319792704,-0.053034639634726925,-0.007931659877169471,0.04563656479980672,0.07005027464837284,0.05070327783067121,0.004195995265005585,-0.03756161796857228,-0.001837384043490804,0.03273081103594081,0.051594108144210026,0.05826198414869401,0.04069244499664665,0.05651379515656077,0.021989712915197145,0.026375190924606787,0.0018791042238611485,-0.014166117406233636,0.009747861202728608,0.0319633333792195,-0.012375398640347063,-0.03622286034250669,-0.05507097588634103,0.01849510379637033,0.06468043841802397,0.0815817429743859,0.04896421238845969,0.007139893492170532,-0.016282545914174693,0.014521003493773567,0.033126116254850874,0.004906466149886764,-0.024816358265433658,-0.07177045483430201,-0.06906114657937414,-0.018930032533744732,0.0005230189959513455,0.009335220361802161,-0.00791412811221659,-0.012865553275017547,-0.042056534251536624,-0.06422014186627037,-0.07323274845090431,-0.10307757784581507,-0.08766210152907329,-0.08279314623453297,-0.10464186386132573,-0.09050925924443508,-0.07808165542403193,-0.09948599924163692,-0.07876614778230397,-0.00045667334464646794,0.002869728745680623,0.04109885613343143,-0.02744715260363152,-0.022096482674266466,-0.0018784037848701845,0.011474782947098637,-0.023209944253597275,-0.06098003403205716
39,-0.03774745668120784,-0.06663743258633979,-0.06626453108163546,-0.06078389692010939,-0.057709710067437726,-0.08656768843093493,-0.07434608717818597,-0.08566877523461214,-0.07316479337425245,-0.05604072346775193,-0.06884533121832714,-0.050650501471000094,-0.05869630770336539,-0.07013139230176647,-0.06385239816057621,-0.07460530258743076,-0.06300983365430719,-0.06783091204413144,-0.017059640518258715,-0.019652340450925895,0.012062751623618827,0.007292481659345563,-0.0021802629559351284,0.030440956630452532,0.03472506768592916,0.05286531939193325,0.06616070372043116,0.06494032729956821,0.0794212482593427,0.04028298071353008,0.06391293074145092,0.025681027801324956,-0.009207712471611557,0.011688604842942749,-0.04030213795604163,-0.015502968310633698,-0.036125136119747006,-0.02398646615503952,0.035211685191860714,-0.009743051862217494,-0.008986631896640247,-0.019751714771355552,-0.008015134111092384,-0.007553470580723173,-0.008163032947154475,-0.002395490054704017,0.0011415201234852707,-0.014229906159632844,-0.015458428929531587,-0.00588193261691447,-0.03335296499067377,-0.04103695220515298,-0.011629545757359338,-0.031815249734693386,0.014955935939633673,0.01828212258100019,0.003358083655246657,0.014938015985627702,-0.03137341888834146,-0.028030965414519927,-0.06124037015554206,-0.08437989818437519,-0.08520229214341422,-0.08888120727320876,-0.08332339424639962,-0.059509253433801236,-0.05315367946225533,-0.02210434598218607,-0.03096943025882962,-0.04030599419987716,-0.039885868018559006,-0.020693058620336227,-0.042270917917206774,-0.005937769118598055
