,path_id,event_template,cluster_id,corr,participant_id,apply_to_event
0,sameEv-sameSchema,2,2,0.024150889750407113,sub-108,2
1,sameEv-sameSchema,2,2,-0.0018924236421264148,sub-108,3
2,sameEv-sameSchema,2,2,-0.001436407458099167,sub-108,4
3,sameEv-sameSchema,2,2,0.001336939577707358,sub-140,2
4,sameEv-sameSchema,2,2,0.0032573245054486805,sub-140,3
5,sameEv-sameSchema,2,2,-0.015982028116740245,sub-140,4
6,sameEv-sameSchema,2,2,0.021868773835948294,sub-133,2
7,sameEv-sameSchema,2,2,-0.05086493095526465,sub-133,3
8,sameEv-sameSchema,2,2,-0.07481631616495084,sub-133,4
9,sameEv-sameSchema,2,2,0.06451518639277985,sub-134,2
10,sameEv-sameSchema,2,2,0.036262320273599435,sub-134,3
11,sameEv-sameSchema,2,2,0.035687389009280805,sub-134,4
12,sameEv-sameSchema,2,2,0.022864146070996738,sub-106,2
13,sameEv-sameSchema,2,2,-0.016502368924986747,sub-106,3
14,sameEv-sameSchema,2,2,-0.007517667513086586,sub-106,4
15,sameEv-sameSchema,2,2,0.06016867742621359,sub-124,2
16,sameEv-sameSchema,2,2,0.031616951323861935,sub-124,3
17,sameEv-sameSchema,2,2,-0.0063726802002275675,sub-124,4
18,sameEv-sameSchema,2,2,-0.06658362930525687,sub-123,2
19,sameEv-sameSchema,2,2,-0.06168615792096476,sub-123,3
20,sameEv-sameSchema,2,2,-0.04747342662313567,sub-123,4
21,sameEv-sameSchema,2,2,-0.02622546338603001,sub-142,2
22,sameEv-sameSchema,2,2,-0.03745487076983152,sub-142,3
23,sameEv-sameSchema,2,2,0.02876167518842849,sub-142,4
24,sameEv-sameSchema,2,2,0.07473748979493822,sub-126,2
25,sameEv-sameSchema,2,2,0.014353869519281463,sub-126,3
26,sameEv-sameSchema,2,2,-0.01814940585530427,sub-126,4
27,sameEv-sameSchema,2,2,0.044923653040999566,sub-105,2
28,sameEv-sameSchema,2,2,0.03605733068602045,sub-105,3
29,sameEv-sameSchema,2,2,0.024688839414349475,sub-105,4
30,sameEv-sameSchema,2,2,0.01600670478011631,sub-109,2
31,sameEv-sameSchema,2,2,-0.006415903538155072,sub-109,3
32,sameEv-sameSchema,2,2,0.01674999924962777,sub-109,4
33,sameEv-sameSchema,2,2,0.0003959836806328203,sub-127,2
34,sameEv-sameSchema,2,2,-0.0030027681229889635,sub-127,3
35,sameEv-sameSchema,2,2,0.006326282836286859,sub-127,4
36,sameEv-sameSchema,2,2,-0.014835038178936676,sub-111,2
37,sameEv-sameSchema,2,2,-0.015381275362579955,sub-111,3
38,sameEv-sameSchema,2,2,-0.002188565528502062,sub-111,4
39,sameEv-sameSchema,2,2,-0.04541768717283743,sub-138,2
40,sameEv-sameSchema,2,2,-0.060097000612303685,sub-138,3
41,sameEv-sameSchema,2,2,-0.02291910537626665,sub-138,4
42,sameEv-sameSchema,2,2,0.023333104128738624,sub-103,2
43,sameEv-sameSchema,2,2,0.008238718904576704,sub-103,3
44,sameEv-sameSchema,2,2,-0.0035969353299235623,sub-103,4
45,sameEv-sameSchema,2,2,-0.021617076615455845,sub-118,2
46,sameEv-sameSchema,2,2,0.011404205235796968,sub-118,3
47,sameEv-sameSchema,2,2,0.014297190156317533,sub-118,4
48,sameEv-sameSchema,2,2,-0.014855590190916469,sub-104,2
49,sameEv-sameSchema,2,2,-0.020933095315276328,sub-104,3
50,sameEv-sameSchema,2,2,-0.04845114927003791,sub-104,4
51,sameEv-sameSchema,2,2,-0.03641084744874274,sub-141,2
52,sameEv-sameSchema,2,2,-0.03311836505323909,sub-141,3
53,sameEv-sameSchema,2,2,-0.05887694071130459,sub-141,4
54,sameEv-sameSchema,2,2,-0.018252964379423035,sub-132,2
55,sameEv-sameSchema,2,2,-0.04317913935311908,sub-132,3
56,sameEv-sameSchema,2,2,-0.023746390709792113,sub-132,4
57,sameEv-sameSchema,2,2,0.019958262934779213,sub-135,2
58,sameEv-sameSchema,2,2,0.004834216521394619,sub-135,3
59,sameEv-sameSchema,2,2,0.011549068337895624,sub-135,4
60,sameEv-sameSchema,2,2,-0.021317621504584498,sub-136,2
61,sameEv-sameSchema,2,2,0.00411344371330845,sub-136,3
62,sameEv-sameSchema,2,2,-0.02394971532778492,sub-136,4
63,sameEv-sameSchema,2,2,0.03114668595805277,sub-117,2
64,sameEv-sameSchema,2,2,-0.012009120098906928,sub-117,3
65,sameEv-sameSchema,2,2,-0.014146585210280817,sub-117,4
66,sameEv-sameSchema,2,2,0.028138902350111083,sub-112,2
67,sameEv-sameSchema,2,2,-0.01094886063487487,sub-112,3
68,sameEv-sameSchema,2,2,-0.007027051667627153,sub-112,4
69,sameEv-sameSchema,2,2,0.011798050014625533,sub-139,2
70,sameEv-sameSchema,2,2,-0.01379549131369163,sub-139,3
71,sameEv-sameSchema,2,2,-0.03957286939321912,sub-139,4
72,sameEv-sameSchema,2,2,0.03197373375516491,sub-110,2
73,sameEv-sameSchema,2,2,0.0041941717660112475,sub-110,3
74,sameEv-sameSchema,2,2,0.0012471559629529698,sub-110,4
75,sameEv-sameSchema,2,2,0.00855828548064852,sub-115,2
76,sameEv-sameSchema,2,2,-0.03217943689229344,sub-115,3
77,sameEv-sameSchema,2,2,-0.03203246214780394,sub-115,4
78,sameEv-sameSchema,2,2,0.05147555245223923,sub-125,2
79,sameEv-sameSchema,2,2,0.04093163613184872,sub-125,3
80,sameEv-sameSchema,2,2,0.030224689213181763,sub-125,4
81,sameEv-sameSchema,2,2,0.078628205044248,sub-137,2
82,sameEv-sameSchema,2,2,0.029051518303078484,sub-137,3
83,sameEv-sameSchema,2,2,0.040576803594582905,sub-137,4
84,sameEv-sameSchema,2,2,0.012998050669495671,sub-143,2
85,sameEv-sameSchema,2,2,-0.004181966755510724,sub-143,3
86,sameEv-sameSchema,2,2,0.012307053048311947,sub-143,4
87,sameEv-sameSchema,2,2,-0.08087926702553573,sub-119,2
88,sameEv-sameSchema,2,2,-0.05605206682514517,sub-119,3
89,sameEv-sameSchema,2,2,-0.004439415700187336,sub-119,4
90,sameEv-sameSchema,2,2,-0.01498460509139801,sub-129,2
91,sameEv-sameSchema,2,2,0.0038231762954425916,sub-129,3
92,sameEv-sameSchema,2,2,0.020591375822407925,sub-129,4
93,sameEv-sameSchema,2,2,0.006931266999340787,sub-113,2
94,sameEv-sameSchema,2,2,-0.015997901208999764,sub-113,3
95,sameEv-sameSchema,2,2,-0.0017578331352351572,sub-113,4
96,sameEv-sameSchema,2,2,0.021977566327443944,sub-130,2
97,sameEv-sameSchema,2,2,-0.0011028182478508845,sub-130,3
98,sameEv-sameSchema,2,2,0.027174878739854934,sub-130,4
99,sameEv-sameSchema,2,2,0.018217868790192628,sub-102,2
100,sameEv-sameSchema,2,2,-0.016387760147214818,sub-102,3
101,sameEv-sameSchema,2,2,0.012986163409778503,sub-102,4
102,sameEv-sameSchema,2,2,0.059041634812009865,sub-114,2
103,sameEv-sameSchema,2,2,0.028634805122439037,sub-114,3
104,sameEv-sameSchema,2,2,-0.01448022324504105,sub-114,4
105,sameEv-sameSchema,2,2,0.017904071328469898,sub-128,2
106,sameEv-sameSchema,2,2,-0.008373410711713044,sub-128,3
107,sameEv-sameSchema,2,2,-0.013600023111463248,sub-128,4
108,sameEv-sameSchema,2,2,0.002173481683278616,sub-107,2
109,sameEv-sameSchema,2,2,0.013521954389377117,sub-107,3
110,sameEv-sameSchema,2,2,0.0035686763134515223,sub-107,4
111,sameEv-sameSchema,2,2,0.01979873653695873,sub-122,2
112,sameEv-sameSchema,2,2,0.05102376278634191,sub-122,3
113,sameEv-sameSchema,2,2,0.03914447065744601,sub-122,4
114,sameEv-sameSchema,2,2,-0.04335978000500871,sub-131,2
115,sameEv-sameSchema,2,2,-0.03302846422931546,sub-131,3
116,sameEv-sameSchema,2,2,-0.025480612494402272,sub-131,4
117,sameEv-sameSchema,2,2,-0.025106416418907117,sub-144,2
118,sameEv-sameSchema,2,2,-0.00929466890577726,sub-144,3
119,sameEv-sameSchema,2,2,-0.01820553369471254,sub-144,4
120,sameEv-otherSchema,2,2,0.03334155195522421,sub-108,2
121,sameEv-otherSchema,2,2,-0.016335099709455802,sub-108,3
122,sameEv-otherSchema,2,2,-0.03549878739854974,sub-108,4
123,sameEv-otherSchema,2,2,-0.015325637404770625,sub-140,2
124,sameEv-otherSchema,2,2,-0.02850548271076335,sub-140,3
125,sameEv-otherSchema,2,2,-0.039153172088061974,sub-140,4
126,sameEv-otherSchema,2,2,-0.022841098849328025,sub-133,2
127,sameEv-otherSchema,2,2,-0.0023415482973459445,sub-133,3
128,sameEv-otherSchema,2,2,0.01885657117024817,sub-133,4
129,sameEv-otherSchema,2,2,0.09231834145089723,sub-134,2
130,sameEv-otherSchema,2,2,0.07139768878175617,sub-134,3
131,sameEv-otherSchema,2,2,0.06707220572031689,sub-134,4
132,sameEv-otherSchema,2,2,-0.020937943401745398,sub-106,2
133,sameEv-otherSchema,2,2,-0.033653359566344916,sub-106,3
134,sameEv-otherSchema,2,2,-0.0028492832444891574,sub-106,4
135,sameEv-otherSchema,2,2,0.009583752555597708,sub-124,2
136,sameEv-otherSchema,2,2,-0.07405983734874988,sub-124,3
137,sameEv-otherSchema,2,2,-0.10622960484277208,sub-124,4
138,sameEv-otherSchema,2,2,-0.010097416137994282,sub-123,2
139,sameEv-otherSchema,2,2,-0.014155029422244168,sub-123,3
140,sameEv-otherSchema,2,2,-0.01124348795993058,sub-123,4
141,sameEv-otherSchema,2,2,-0.022351810536485765,sub-142,2
142,sameEv-otherSchema,2,2,-0.01854963157304472,sub-142,3
143,sameEv-otherSchema,2,2,-0.008748610585443383,sub-142,4
144,sameEv-otherSchema,2,2,-0.04385717497697031,sub-126,2
145,sameEv-otherSchema,2,2,-0.042355665910291704,sub-126,3
146,sameEv-otherSchema,2,2,-0.05315970846539866,sub-126,4
147,sameEv-otherSchema,2,2,-0.08294049848724992,sub-105,2
148,sameEv-otherSchema,2,2,-0.07839970375306149,sub-105,3
149,sameEv-otherSchema,2,2,-0.06656093172213431,sub-105,4
150,sameEv-otherSchema,2,2,0.06266323187209932,sub-109,2
151,sameEv-otherSchema,2,2,0.06346444586514909,sub-109,3
152,sameEv-otherSchema,2,2,0.07928762666282466,sub-109,4
153,sameEv-otherSchema,2,2,0.0255927831113324,sub-127,2
154,sameEv-otherSchema,2,2,-0.013501195342890153,sub-127,3
155,sameEv-otherSchema,2,2,-0.0061067989722902605,sub-127,4
156,sameEv-otherSchema,2,2,-0.035744249147577165,sub-111,2
157,sameEv-otherSchema,2,2,-0.04235400383590261,sub-111,3
158,sameEv-otherSchema,2,2,-0.050088367580319544,sub-111,4
159,sameEv-otherSchema,2,2,0.026540156644968917,sub-138,2
160,sameEv-otherSchema,2,2,-0.03618377965470892,sub-138,3
161,sameEv-otherSchema,2,2,-0.03529014641262075,sub-138,4
162,sameEv-otherSchema,2,2,0.02315381702051504,sub-103,2
163,sameEv-otherSchema,2,2,-0.006045684909715176,sub-103,3
164,sameEv-otherSchema,2,2,-0.011920986559333505,sub-103,4
165,sameEv-otherSchema,2,2,0.010531781945663156,sub-118,2
166,sameEv-otherSchema,2,2,0.0186563610550834,sub-118,3
167,sameEv-otherSchema,2,2,0.012133923426019317,sub-118,4
168,sameEv-otherSchema,2,2,-0.04687289077200487,sub-104,2
169,sameEv-otherSchema,2,2,-0.015149620461749018,sub-104,3
170,sameEv-otherSchema,2,2,-0.0028781725735964937,sub-104,4
171,sameEv-otherSchema,2,2,0.09310489384969588,sub-141,2
172,sameEv-otherSchema,2,2,0.06644023974992237,sub-141,3
173,sameEv-otherSchema,2,2,-0.03837166207826701,sub-141,4
174,sameEv-otherSchema,2,2,0.01492330923410756,sub-132,2
175,sameEv-otherSchema,2,2,-0.007885916414541665,sub-132,3
176,sameEv-otherSchema,2,2,-0.056536705956154384,sub-132,4
177,sameEv-otherSchema,2,2,-0.016474887908038704,sub-135,2
178,sameEv-otherSchema,2,2,-0.03794964177231899,sub-135,3
179,sameEv-otherSchema,2,2,-0.027674487795946813,sub-135,4
180,sameEv-otherSchema,2,2,0.017610119055294134,sub-136,2
181,sameEv-otherSchema,2,2,-0.04881439812729259,sub-136,3
182,sameEv-otherSchema,2,2,-0.09566886149935751,sub-136,4
183,sameEv-otherSchema,2,2,0.022131261628253348,sub-117,2
184,sameEv-otherSchema,2,2,-0.030491490969896434,sub-117,3
185,sameEv-otherSchema,2,2,-0.033441803992952476,sub-117,4
186,sameEv-otherSchema,2,2,0.01436009351547463,sub-112,2
187,sameEv-otherSchema,2,2,-0.012911417813235328,sub-112,3
188,sameEv-otherSchema,2,2,-0.01692645302069834,sub-112,4
189,sameEv-otherSchema,2,2,0.06558895757750409,sub-139,2
190,sameEv-otherSchema,2,2,0.006251436962733496,sub-139,3
191,sameEv-otherSchema,2,2,-0.023281051151371183,sub-139,4
192,sameEv-otherSchema,2,2,0.003089821797019159,sub-110,2
193,sameEv-otherSchema,2,2,-0.015649940167318535,sub-110,3
194,sameEv-otherSchema,2,2,-0.027290401819576662,sub-110,4
195,sameEv-otherSchema,2,2,0.0581256627692283,sub-115,2
196,sameEv-otherSchema,2,2,0.005130232635675851,sub-115,3
197,sameEv-otherSchema,2,2,0.021621733904070045,sub-115,4
198,sameEv-otherSchema,2,2,0.0031273844361865712,sub-125,2
199,sameEv-otherSchema,2,2,0.02275496460974588,sub-125,3
200,sameEv-otherSchema,2,2,-0.01239953205637807,sub-125,4
201,sameEv-otherSchema,2,2,0.021961352831004168,sub-137,2
202,sameEv-otherSchema,2,2,0.020464630456706465,sub-137,3
203,sameEv-otherSchema,2,2,0.02431887966431337,sub-137,4
204,sameEv-otherSchema,2,2,0.03511006186341158,sub-143,2
205,sameEv-otherSchema,2,2,0.005452260571243433,sub-143,3
206,sameEv-otherSchema,2,2,-0.007879429447005674,sub-143,4
207,sameEv-otherSchema,2,2,0.013919884262594192,sub-119,2
208,sameEv-otherSchema,2,2,0.020770189513998866,sub-119,3
209,sameEv-otherSchema,2,2,-0.0016494681361955824,sub-119,4
210,sameEv-otherSchema,2,2,0.05773166035808328,sub-129,2
211,sameEv-otherSchema,2,2,0.0192447353887528,sub-129,3
212,sameEv-otherSchema,2,2,0.018728644407626154,sub-129,4
213,sameEv-otherSchema,2,2,-0.018939568571466173,sub-113,2
214,sameEv-otherSchema,2,2,0.037828010193055955,sub-113,3
215,sameEv-otherSchema,2,2,0.003786937070787217,sub-113,4
216,sameEv-otherSchema,2,2,0.03370474846432917,sub-130,2
217,sameEv-otherSchema,2,2,0.02587988642366609,sub-130,3
218,sameEv-otherSchema,2,2,0.030385875144071473,sub-130,4
219,sameEv-otherSchema,2,2,-0.01925654215399925,sub-102,2
220,sameEv-otherSchema,2,2,-0.021041197342973085,sub-102,3
221,sameEv-otherSchema,2,2,-0.02213396026247192,sub-102,4
222,sameEv-otherSchema,2,2,0.06478352663806888,sub-114,2
223,sameEv-otherSchema,2,2,0.02053133226303997,sub-114,3
224,sameEv-otherSchema,2,2,0.03160673476415777,sub-114,4
225,sameEv-otherSchema,2,2,0.028309217735633174,sub-128,2
226,sameEv-otherSchema,2,2,0.0094363954521443,sub-128,3
227,sameEv-otherSchema,2,2,-0.012915901287038381,sub-128,4
228,sameEv-otherSchema,2,2,0.02387614984304938,sub-107,2
229,sameEv-otherSchema,2,2,-0.00427915871272148,sub-107,3
230,sameEv-otherSchema,2,2,-0.01049389122004516,sub-107,4
231,sameEv-otherSchema,2,2,0.0622555096418732,sub-122,2
232,sameEv-otherSchema,2,2,-0.024898763536714285,sub-122,3
233,sameEv-otherSchema,2,2,0.009862636867886534,sub-122,4
234,sameEv-otherSchema,2,2,-0.001021277576377513,sub-131,2
235,sameEv-otherSchema,2,2,0.005572300303489146,sub-131,3
236,sameEv-otherSchema,2,2,-0.00882330784827498,sub-131,4
237,sameEv-otherSchema,2,2,-0.002802670124381676,sub-144,2
238,sameEv-otherSchema,2,2,-0.002786180695624971,sub-144,3
239,sameEv-otherSchema,2,2,0.0043889944412429166,sub-144,4
240,otherEv-sameSchema,2,2,-0.0563736176780045,sub-108,2
241,otherEv-sameSchema,2,2,-0.08537426688637588,sub-108,3
242,otherEv-sameSchema,2,2,-0.04977140661768229,sub-108,4
243,otherEv-sameSchema,2,2,-0.04366246813899695,sub-140,2
244,otherEv-sameSchema,2,2,-0.02555224465772729,sub-140,3
245,otherEv-sameSchema,2,2,-0.014394645684342504,sub-140,4
246,otherEv-sameSchema,2,2,0.0057104072195160865,sub-133,2
247,otherEv-sameSchema,2,2,0.016263421246517328,sub-133,3
248,otherEv-sameSchema,2,2,0.0058482748721993705,sub-133,4
249,otherEv-sameSchema,2,2,-0.10270809212514015,sub-134,2
250,otherEv-sameSchema,2,2,-0.10986799690382348,sub-134,3
251,otherEv-sameSchema,2,2,-0.08928962240277466,sub-134,4
252,otherEv-sameSchema,2,2,0.02533102600708117,sub-106,2
253,otherEv-sameSchema,2,2,0.009544644143495236,sub-106,3
254,otherEv-sameSchema,2,2,0.002316939201844073,sub-106,4
255,otherEv-sameSchema,2,2,0.0015466893264831562,sub-124,2
256,otherEv-sameSchema,2,2,-0.0047644899160797,sub-124,3
257,otherEv-sameSchema,2,2,-0.01691968560702576,sub-124,4
258,otherEv-sameSchema,2,2,-0.010223327116331879,sub-123,2
259,otherEv-sameSchema,2,2,-0.00531839359588336,sub-123,3
260,otherEv-sameSchema,2,2,-0.03875336362623861,sub-123,4
261,otherEv-sameSchema,2,2,-0.005272968053649611,sub-142,2
262,otherEv-sameSchema,2,2,-0.05849726413169892,sub-142,3
263,otherEv-sameSchema,2,2,-0.04707111051824061,sub-142,4
264,otherEv-sameSchema,2,2,-0.1014203044710173,sub-126,2
265,otherEv-sameSchema,2,2,-0.09606632014479174,sub-126,3
266,otherEv-sameSchema,2,2,-0.052699824112760044,sub-126,4
267,otherEv-sameSchema,2,2,-0.05910764648356488,sub-105,2
268,otherEv-sameSchema,2,2,-0.030193877413196884,sub-105,3
269,otherEv-sameSchema,2,2,-0.021994275410603746,sub-105,4
270,otherEv-sameSchema,2,2,-0.033525417698087125,sub-109,2
271,otherEv-sameSchema,2,2,-0.03192362786942311,sub-109,3
272,otherEv-sameSchema,2,2,-0.06219741241655911,sub-109,4
273,otherEv-sameSchema,2,2,-0.017161732219180797,sub-127,2
274,otherEv-sameSchema,2,2,0.0009783127431205177,sub-127,3
275,otherEv-sameSchema,2,2,0.003078848358785982,sub-127,4
276,otherEv-sameSchema,2,2,0.03889246157002962,sub-111,2
277,otherEv-sameSchema,2,2,-0.021341605436296394,sub-111,3
278,otherEv-sameSchema,2,2,-0.0024657117430245193,sub-111,4
279,otherEv-sameSchema,2,2,-0.060751501835819094,sub-138,2
280,otherEv-sameSchema,2,2,-0.040977288485088983,sub-138,3
281,otherEv-sameSchema,2,2,-0.023993113084089836,sub-138,4
282,otherEv-sameSchema,2,2,0.034279031490528224,sub-103,2
283,otherEv-sameSchema,2,2,0.02317382296619129,sub-103,3
284,otherEv-sameSchema,2,2,0.018476117904480692,sub-103,4
285,otherEv-sameSchema,2,2,0.007142075196570293,sub-118,2
286,otherEv-sameSchema,2,2,-0.013280555905729206,sub-118,3
287,otherEv-sameSchema,2,2,-0.015142146754790475,sub-118,4
288,otherEv-sameSchema,2,2,0.058353868973556364,sub-104,2
289,otherEv-sameSchema,2,2,0.03532734236181139,sub-104,3
290,otherEv-sameSchema,2,2,0.015430732393266939,sub-104,4
291,otherEv-sameSchema,2,2,-0.1270143602452072,sub-141,2
292,otherEv-sameSchema,2,2,-0.12031294671865728,sub-141,3
293,otherEv-sameSchema,2,2,-0.0024106900522640534,sub-141,4
294,otherEv-sameSchema,2,2,-0.0015516769044718554,sub-132,2
295,otherEv-sameSchema,2,2,0.004882375408202534,sub-132,3
296,otherEv-sameSchema,2,2,0.007148349331268136,sub-132,4
297,otherEv-sameSchema,2,2,0.022754962825197646,sub-135,2
298,otherEv-sameSchema,2,2,-0.0025739866974019416,sub-135,3
299,otherEv-sameSchema,2,2,-0.005938355424290451,sub-135,4
300,otherEv-sameSchema,2,2,0.014317515887519722,sub-136,2
301,otherEv-sameSchema,2,2,0.07549689235924043,sub-136,3
302,otherEv-sameSchema,2,2,0.09527330115887853,sub-136,4
303,otherEv-sameSchema,2,2,0.015052138873695333,sub-117,2
304,otherEv-sameSchema,2,2,0.0028231645041433945,sub-117,3
305,otherEv-sameSchema,2,2,0.005050249723091389,sub-117,4
306,otherEv-sameSchema,2,2,0.0142222815243634,sub-112,2
307,otherEv-sameSchema,2,2,0.00877487858978047,sub-112,3
308,otherEv-sameSchema,2,2,0.0007562776136964169,sub-112,4
309,otherEv-sameSchema,2,2,0.020420093821080718,sub-139,2
310,otherEv-sameSchema,2,2,0.03335273420616622,sub-139,3
311,otherEv-sameSchema,2,2,0.003637065234356263,sub-139,4
312,otherEv-sameSchema,2,2,0.07452012770831229,sub-110,2
313,otherEv-sameSchema,2,2,0.025053086368953186,sub-110,3
314,otherEv-sameSchema,2,2,6.853267894349957e-05,sub-110,4
315,otherEv-sameSchema,2,2,-0.015717664764874063,sub-115,2
316,otherEv-sameSchema,2,2,-0.0011846653727324431,sub-115,3
317,otherEv-sameSchema,2,2,0.020881013571694085,sub-115,4
318,otherEv-sameSchema,2,2,0.00999088847535558,sub-125,2
319,otherEv-sameSchema,2,2,-0.014140626553190618,sub-125,3
320,otherEv-sameSchema,2,2,0.019248762333235428,sub-125,4
321,otherEv-sameSchema,2,2,-0.0013010853383277705,sub-137,2
322,otherEv-sameSchema,2,2,-0.004215009394659686,sub-137,3
323,otherEv-sameSchema,2,2,-0.0067002608293714365,sub-137,4
324,otherEv-sameSchema,2,2,0.0176679851388108,sub-143,2
325,otherEv-sameSchema,2,2,-0.012191128049512594,sub-143,3
326,otherEv-sameSchema,2,2,-0.024579180023291625,sub-143,4
327,otherEv-sameSchema,2,2,-0.004412035642405624,sub-119,2
328,otherEv-sameSchema,2,2,-0.03420024582192775,sub-119,3
329,otherEv-sameSchema,2,2,-0.012939245365701485,sub-119,4
330,otherEv-sameSchema,2,2,-0.02744146005509651,sub-129,2
331,otherEv-sameSchema,2,2,-0.02887173287950833,sub-129,3
332,otherEv-sameSchema,2,2,-0.02233195790111881,sub-129,4
333,otherEv-sameSchema,2,2,0.03987129070564463,sub-113,2
334,otherEv-sameSchema,2,2,-0.006262835116217595,sub-113,3
335,otherEv-sameSchema,2,2,0.0034081379364164005,sub-113,4
336,otherEv-sameSchema,2,2,-0.0016304141399587295,sub-130,2
337,otherEv-sameSchema,2,2,0.0006788429561061932,sub-130,3
338,otherEv-sameSchema,2,2,-0.016428693632041472,sub-130,4
339,otherEv-sameSchema,2,2,-0.0769200687177204,sub-102,2
340,otherEv-sameSchema,2,2,-0.07873408665243431,sub-102,3
341,otherEv-sameSchema,2,2,-0.07303652702649624,sub-102,4
342,otherEv-sameSchema,2,2,0.015470215601352633,sub-114,2
343,otherEv-sameSchema,2,2,0.004555514349063182,sub-114,3
344,otherEv-sameSchema,2,2,-0.02487987916636345,sub-114,4
345,otherEv-sameSchema,2,2,0.011949204987491996,sub-128,2
346,otherEv-sameSchema,2,2,-0.0051258824376891575,sub-128,3
347,otherEv-sameSchema,2,2,-0.013615469522883328,sub-128,4
348,otherEv-sameSchema,2,2,0.01707556766337911,sub-107,2
349,otherEv-sameSchema,2,2,0.01404855433294916,sub-107,3
350,otherEv-sameSchema,2,2,-0.0055738959023675354,sub-107,4
351,otherEv-sameSchema,2,2,-0.00696450166555344,sub-122,2
352,otherEv-sameSchema,2,2,-0.017712047675647137,sub-122,3
353,otherEv-sameSchema,2,2,-0.0945305634094508,sub-122,4
354,otherEv-sameSchema,2,2,-0.041275227840637925,sub-131,2
355,otherEv-sameSchema,2,2,-0.02505471027771132,sub-131,3
356,otherEv-sameSchema,2,2,-0.04546757123457974,sub-131,4
357,otherEv-sameSchema,2,2,0.009447404094248867,sub-144,2
358,otherEv-sameSchema,2,2,0.006243130342649903,sub-144,3
359,otherEv-sameSchema,2,2,-0.01721757866901984,sub-144,4
360,otherEv-otherSchema,2,2,0.02891069970705458,sub-108,2
361,otherEv-otherSchema,2,2,0.004907261501704828,sub-108,3
362,otherEv-otherSchema,2,2,0.012097185203861186,sub-108,4
363,otherEv-otherSchema,2,2,-0.024124896465250487,sub-140,2
364,otherEv-otherSchema,2,2,0.011205892702443413,sub-140,3
365,otherEv-otherSchema,2,2,0.017400151497276656,sub-140,4
366,otherEv-otherSchema,2,2,-0.02305659777316802,sub-133,2
367,otherEv-otherSchema,2,2,-0.009998972931339743,sub-133,3
368,otherEv-otherSchema,2,2,-0.020302443741414912,sub-133,4
369,otherEv-otherSchema,2,2,-0.06798551762124518,sub-134,2
370,otherEv-otherSchema,2,2,-0.0824953260842726,sub-134,3
371,otherEv-otherSchema,2,2,-0.07833967311173154,sub-134,4
372,otherEv-otherSchema,2,2,0.007017507956673787,sub-106,2
373,otherEv-otherSchema,2,2,0.001005960206262336,sub-106,3
374,otherEv-otherSchema,2,2,-0.004336280795274544,sub-106,4
375,otherEv-otherSchema,2,2,-0.009913760140270896,sub-124,2
376,otherEv-otherSchema,2,2,-0.03099785365480126,sub-124,3
377,otherEv-otherSchema,2,2,-0.04271706169406269,sub-124,4
378,otherEv-otherSchema,2,2,-0.05284982813265677,sub-123,2
379,otherEv-otherSchema,2,2,-0.046106184870357766,sub-123,3
380,otherEv-otherSchema,2,2,-0.025212594083505055,sub-123,4
381,otherEv-otherSchema,2,2,-0.025533558915075857,sub-142,2
382,otherEv-otherSchema,2,2,0.00017830554167917257,sub-142,3
383,otherEv-otherSchema,2,2,-0.005959837104713917,sub-142,4
384,otherEv-otherSchema,2,2,0.06961681903314981,sub-126,2
385,otherEv-otherSchema,2,2,0.052746572299860836,sub-126,3
386,otherEv-otherSchema,2,2,0.055181627587283344,sub-126,4
387,otherEv-otherSchema,2,2,0.04834870641292648,sub-105,2
388,otherEv-otherSchema,2,2,0.03614597965590921,sub-105,3
389,otherEv-otherSchema,2,2,0.009441194082264785,sub-105,4
390,otherEv-otherSchema,2,2,-0.09657168864847891,sub-109,2
391,otherEv-otherSchema,2,2,-0.08658489485784951,sub-109,3
392,otherEv-otherSchema,2,2,-0.09189437836166706,sub-109,4
393,otherEv-otherSchema,2,2,-0.05882940847751388,sub-127,2
394,otherEv-otherSchema,2,2,-0.059881673810210034,sub-127,3
395,otherEv-otherSchema,2,2,-0.006860806710128195,sub-127,4
396,otherEv-otherSchema,2,2,-0.0069541219717706515,sub-111,2
397,otherEv-otherSchema,2,2,0.017466619693367904,sub-111,3
398,otherEv-otherSchema,2,2,-0.00862666132401666,sub-111,4
399,otherEv-otherSchema,2,2,0.0010782984724059654,sub-138,2
400,otherEv-otherSchema,2,2,0.0004017004934447209,sub-138,3
401,otherEv-otherSchema,2,2,-0.011556812178840664,sub-138,4
402,otherEv-otherSchema,2,2,0.02163474719824684,sub-103,2
403,otherEv-otherSchema,2,2,0.007141382125534163,sub-103,3
404,otherEv-otherSchema,2,2,-0.0069015369123084855,sub-103,4
405,otherEv-otherSchema,2,2,-0.08714055808044441,sub-118,2
406,otherEv-otherSchema,2,2,-0.07319856648897838,sub-118,3
407,otherEv-otherSchema,2,2,-0.08527863195144757,sub-118,4
408,otherEv-otherSchema,2,2,-0.05010342038742095,sub-104,2
409,otherEv-otherSchema,2,2,-0.056088658724727354,sub-104,3
410,otherEv-otherSchema,2,2,-0.04934660966839551,sub-104,4
411,otherEv-otherSchema,2,2,-0.09908901060865678,sub-141,2
412,otherEv-otherSchema,2,2,-0.06527744308091198,sub-141,3
413,otherEv-otherSchema,2,2,-0.014100701813939779,sub-141,4
414,otherEv-otherSchema,2,2,-0.041763838500259796,sub-132,2
415,otherEv-otherSchema,2,2,-0.04477515472674454,sub-132,3
416,otherEv-otherSchema,2,2,-0.02028968118186617,sub-132,4
417,otherEv-otherSchema,2,2,0.03182765560809058,sub-135,2
418,otherEv-otherSchema,2,2,0.00880977464822557,sub-135,3
419,otherEv-otherSchema,2,2,-0.0015404690726600408,sub-135,4
420,otherEv-otherSchema,2,2,-0.026126792143131048,sub-136,2
421,otherEv-otherSchema,2,2,-0.032478780431316516,sub-136,3
422,otherEv-otherSchema,2,2,-0.05364119127808855,sub-136,4
423,otherEv-otherSchema,2,2,-0.011602477559381034,sub-117,2
424,otherEv-otherSchema,2,2,-0.020953945731394003,sub-117,3
425,otherEv-otherSchema,2,2,-0.01170860244850513,sub-117,4
426,otherEv-otherSchema,2,2,0.026720879010534646,sub-112,2
427,otherEv-otherSchema,2,2,-0.0022127837907602544,sub-112,3
428,otherEv-otherSchema,2,2,-0.005659299512558229,sub-112,4
429,otherEv-otherSchema,2,2,8.313578080181238e-05,sub-139,2
430,otherEv-otherSchema,2,2,-0.008050240419247854,sub-139,3
431,otherEv-otherSchema,2,2,-0.015653075175287013,sub-139,4
432,otherEv-otherSchema,2,2,0.0023122647553207296,sub-110,2
433,otherEv-otherSchema,2,2,0.002881519218616676,sub-110,3
434,otherEv-otherSchema,2,2,-0.018431503173941148,sub-110,4
435,otherEv-otherSchema,2,2,-0.003240832952600216,sub-115,2
436,otherEv-otherSchema,2,2,-0.012179561960985522,sub-115,3
437,otherEv-otherSchema,2,2,-0.010677109093368477,sub-115,4
438,otherEv-otherSchema,2,2,-0.06241721335369929,sub-125,2
439,otherEv-otherSchema,2,2,-0.057363608704690525,sub-125,3
440,otherEv-otherSchema,2,2,-0.028152934829025346,sub-125,4
441,otherEv-otherSchema,2,2,-0.017514368945178636,sub-137,2
442,otherEv-otherSchema,2,2,-0.03152554416990835,sub-137,3
443,otherEv-otherSchema,2,2,-0.04939678705638027,sub-137,4
444,otherEv-otherSchema,2,2,0.017352364954835615,sub-143,2
445,otherEv-otherSchema,2,2,0.006295727680929763,sub-143,3
446,otherEv-otherSchema,2,2,-0.00994138467679969,sub-143,4
447,otherEv-otherSchema,2,2,-0.05119204943833943,sub-119,2
448,otherEv-otherSchema,2,2,-0.05282367304182847,sub-119,3
449,otherEv-otherSchema,2,2,-0.06922939402943823,sub-119,4
450,otherEv-otherSchema,2,2,-0.04196681554050821,sub-129,2
451,otherEv-otherSchema,2,2,-0.029035306512029974,sub-129,3
452,otherEv-otherSchema,2,2,-0.0546132581760554,sub-129,4
453,otherEv-otherSchema,2,2,-0.034545110738562826,sub-113,2
454,otherEv-otherSchema,2,2,-0.034795639887384294,sub-113,3
455,otherEv-otherSchema,2,2,-0.027092221491860087,sub-113,4
456,otherEv-otherSchema,2,2,-0.0033797472637336497,sub-130,2
457,otherEv-otherSchema,2,2,-0.005289940060269829,sub-130,3
458,otherEv-otherSchema,2,2,-0.05522788803246424,sub-130,4
459,otherEv-otherSchema,2,2,0.042469925082841364,sub-102,2
460,otherEv-otherSchema,2,2,0.01112705117647448,sub-102,3
461,otherEv-otherSchema,2,2,0.008674116907440712,sub-102,4
462,otherEv-otherSchema,2,2,0.008312248298043966,sub-114,2
463,otherEv-otherSchema,2,2,-0.03755099516593016,sub-114,3
464,otherEv-otherSchema,2,2,-0.06468906688033732,sub-114,4
465,otherEv-otherSchema,2,2,0.009999656193108147,sub-128,2
466,otherEv-otherSchema,2,2,-0.01878703837103209,sub-128,3
467,otherEv-otherSchema,2,2,-0.03079630246602318,sub-128,4
468,otherEv-otherSchema,2,2,0.01968191313800742,sub-107,2
469,otherEv-otherSchema,2,2,0.014940608041588591,sub-107,3
470,otherEv-otherSchema,2,2,-0.009278427099841509,sub-107,4
471,otherEv-otherSchema,2,2,-0.026014372219530048,sub-122,2
472,otherEv-otherSchema,2,2,-0.013161479343754515,sub-122,3
473,otherEv-otherSchema,2,2,-0.0852508081508428,sub-122,4
474,otherEv-otherSchema,2,2,0.012011436330655618,sub-131,2
475,otherEv-otherSchema,2,2,-0.012555354199124572,sub-131,3
476,otherEv-otherSchema,2,2,-0.004962093069359919,sub-131,4
477,otherEv-otherSchema,2,2,-0.03215282052625382,sub-144,2
478,otherEv-otherSchema,2,2,-0.0479472668443548,sub-144,3
479,otherEv-otherSchema,2,2,-0.013549811956730455,sub-144,4
480,sameEv-sameSchema,3,2,0.0018076547785882751,sub-108,2
481,sameEv-sameSchema,3,2,-0.0030378667819238626,sub-108,3
482,sameEv-sameSchema,3,2,-0.014461859332228712,sub-108,4
483,sameEv-sameSchema,3,2,0.016851423643983603,sub-140,2
484,sameEv-sameSchema,3,2,0.04350675320843409,sub-140,3
485,sameEv-sameSchema,3,2,-0.008514242529338896,sub-140,4
486,sameEv-sameSchema,3,2,-0.06490067902984221,sub-133,2
487,sameEv-sameSchema,3,2,-0.0991192360196098,sub-133,3
488,sameEv-sameSchema,3,2,-0.06919565396506269,sub-133,4
489,sameEv-sameSchema,3,2,0.04605274390343859,sub-134,2
490,sameEv-sameSchema,3,2,0.05489302174928476,sub-134,3
491,sameEv-sameSchema,3,2,0.03495677790416456,sub-134,4
492,sameEv-sameSchema,3,2,-0.018749923598468398,sub-106,2
493,sameEv-sameSchema,3,2,0.010004006987465931,sub-106,3
494,sameEv-sameSchema,3,2,-0.021202193788118946,sub-106,4
495,sameEv-sameSchema,3,2,0.011305150049846925,sub-124,2
496,sameEv-sameSchema,3,2,0.003492223751598123,sub-124,3
497,sameEv-sameSchema,3,2,-0.048348071583285836,sub-124,4
498,sameEv-sameSchema,3,2,-0.008859505772903519,sub-123,2
499,sameEv-sameSchema,3,2,0.004078159781965188,sub-123,3
500,sameEv-sameSchema,3,2,-0.015541587312539611,sub-123,4
501,sameEv-sameSchema,3,2,-0.04113080535502966,sub-142,2
502,sameEv-sameSchema,3,2,-0.02514567211329255,sub-142,3
503,sameEv-sameSchema,3,2,-0.009000112812247912,sub-142,4
504,sameEv-sameSchema,3,2,0.01796883254094021,sub-126,2
505,sameEv-sameSchema,3,2,-0.01336729517840857,sub-126,3
506,sameEv-sameSchema,3,2,0.015714804543053476,sub-126,4
507,sameEv-sameSchema,3,2,0.04171561821936405,sub-105,2
508,sameEv-sameSchema,3,2,0.014760807610574814,sub-105,3
509,sameEv-sameSchema,3,2,-0.015440479727944939,sub-105,4
510,sameEv-sameSchema,3,2,-0.013577016018126786,sub-109,2
511,sameEv-sameSchema,3,2,0.03306739767924895,sub-109,3
512,sameEv-sameSchema,3,2,0.039188183589059906,sub-109,4
513,sameEv-sameSchema,3,2,-0.005599533732367548,sub-127,2
514,sameEv-sameSchema,3,2,0.0011015313595543396,sub-127,3
515,sameEv-sameSchema,3,2,0.021246683354944267,sub-127,4
516,sameEv-sameSchema,3,2,-0.01330596521329132,sub-111,2
517,sameEv-sameSchema,3,2,-0.004020362849973575,sub-111,3
518,sameEv-sameSchema,3,2,0.0006007067005234562,sub-111,4
519,sameEv-sameSchema,3,2,-0.07074365976433387,sub-138,2
520,sameEv-sameSchema,3,2,-0.0252800276437113,sub-138,3
521,sameEv-sameSchema,3,2,-0.01613017681770164,sub-138,4
522,sameEv-sameSchema,3,2,0.013932392284754952,sub-103,2
523,sameEv-sameSchema,3,2,0.011075388392642771,sub-103,3
524,sameEv-sameSchema,3,2,-0.0037668195925180037,sub-103,4
525,sameEv-sameSchema,3,2,0.02280749979262445,sub-118,2
526,sameEv-sameSchema,3,2,-0.00314390937905191,sub-118,3
527,sameEv-sameSchema,3,2,0.00874861556331929,sub-118,4
528,sameEv-sameSchema,3,2,-0.02273891304632567,sub-104,2
529,sameEv-sameSchema,3,2,-0.0186651216503387,sub-104,3
530,sameEv-sameSchema,3,2,-0.04810425220909553,sub-104,4
531,sameEv-sameSchema,3,2,0.1574167962051006,sub-141,2
532,sameEv-sameSchema,3,2,0.137765459934483,sub-141,3
533,sameEv-sameSchema,3,2,0.12033976807130489,sub-141,4
534,sameEv-sameSchema,3,2,-0.04012533671246376,sub-132,2
535,sameEv-sameSchema,3,2,-0.027786432070306677,sub-132,3
536,sameEv-sameSchema,3,2,-0.04928895106973061,sub-132,4
537,sameEv-sameSchema,3,2,0.0039628382950670955,sub-135,2
538,sameEv-sameSchema,3,2,0.013409942581520463,sub-135,3
539,sameEv-sameSchema,3,2,0.006196963693992283,sub-135,4
540,sameEv-sameSchema,3,2,0.003973987703747679,sub-136,2
541,sameEv-sameSchema,3,2,0.01590623965725715,sub-136,3
542,sameEv-sameSchema,3,2,0.006878302526027665,sub-136,4
543,sameEv-sameSchema,3,2,-0.013305292058231622,sub-117,2
544,sameEv-sameSchema,3,2,0.01691149677047559,sub-117,3
545,sameEv-sameSchema,3,2,-0.008059310196092712,sub-117,4
546,sameEv-sameSchema,3,2,-0.018606741671141593,sub-112,2
547,sameEv-sameSchema,3,2,0.007644990665369989,sub-112,3
548,sameEv-sameSchema,3,2,-0.009521341335302351,sub-112,4
549,sameEv-sameSchema,3,2,-0.01614678698816415,sub-139,2
550,sameEv-sameSchema,3,2,0.0076345642438648675,sub-139,3
551,sameEv-sameSchema,3,2,-0.03912507353647426,sub-139,4
552,sameEv-sameSchema,3,2,0.005520975666620371,sub-110,2
553,sameEv-sameSchema,3,2,-0.005492088551622651,sub-110,3
554,sameEv-sameSchema,3,2,-0.017150346137544705,sub-110,4
555,sameEv-sameSchema,3,2,-0.04518142110603852,sub-115,2
556,sameEv-sameSchema,3,2,-0.02066542453421748,sub-115,3
557,sameEv-sameSchema,3,2,-0.03016551779036733,sub-115,4
558,sameEv-sameSchema,3,2,0.046400249023912196,sub-125,2
559,sameEv-sameSchema,3,2,0.04736103651752516,sub-125,3
560,sameEv-sameSchema,3,2,0.0057663921121107456,sub-125,4
561,sameEv-sameSchema,3,2,0.012087737335900474,sub-137,2
562,sameEv-sameSchema,3,2,-0.03520093091173217,sub-137,3
563,sameEv-sameSchema,3,2,-0.013554115341209304,sub-137,4
564,sameEv-sameSchema,3,2,0.002015319598520856,sub-143,2
565,sameEv-sameSchema,3,2,0.018188271382605814,sub-143,3
566,sameEv-sameSchema,3,2,0.02090961992148102,sub-143,4
567,sameEv-sameSchema,3,2,-0.0541175841399154,sub-119,2
568,sameEv-sameSchema,3,2,-0.02768620860947029,sub-119,3
569,sameEv-sameSchema,3,2,-0.018923118366709943,sub-119,4
570,sameEv-sameSchema,3,2,-0.0063766519102564775,sub-129,2
571,sameEv-sameSchema,3,2,-0.011390000690342416,sub-129,3
572,sameEv-sameSchema,3,2,-0.019857661900302623,sub-129,4
573,sameEv-sameSchema,3,2,-0.02976350997367411,sub-113,2
574,sameEv-sameSchema,3,2,0.03451762324112756,sub-113,3
575,sameEv-sameSchema,3,2,-0.018420736685395893,sub-113,4
576,sameEv-sameSchema,3,2,0.007348239272133342,sub-130,2
577,sameEv-sameSchema,3,2,-0.010046189159823228,sub-130,3
578,sameEv-sameSchema,3,2,-0.015850089144215453,sub-130,4
579,sameEv-sameSchema,3,2,0.01489143342370543,sub-102,2
580,sameEv-sameSchema,3,2,-0.019561342994306972,sub-102,3
581,sameEv-sameSchema,3,2,0.010353781384657666,sub-102,4
582,sameEv-sameSchema,3,2,0.01208207375254086,sub-114,2
583,sameEv-sameSchema,3,2,0.025940178307215123,sub-114,3
584,sameEv-sameSchema,3,2,-0.0019542438542632734,sub-114,4
585,sameEv-sameSchema,3,2,-0.01072990203140757,sub-128,2
586,sameEv-sameSchema,3,2,-0.003260187052778119,sub-128,3
587,sameEv-sameSchema,3,2,-0.021610021070450958,sub-128,4
588,sameEv-sameSchema,3,2,0.017226231483543162,sub-107,2
589,sameEv-sameSchema,3,2,0.05737799698650523,sub-107,3
590,sameEv-sameSchema,3,2,0.015039799740671352,sub-107,4
591,sameEv-sameSchema,3,2,0.04588874081544437,sub-122,2
592,sameEv-sameSchema,3,2,0.06848313763626752,sub-122,3
593,sameEv-sameSchema,3,2,0.011805335446381505,sub-122,4
594,sameEv-sameSchema,3,2,-0.02836481045217469,sub-131,2
595,sameEv-sameSchema,3,2,-0.030764364433772954,sub-131,3
596,sameEv-sameSchema,3,2,-0.03627990097790157,sub-131,4
597,sameEv-sameSchema,3,2,-0.013780702501167834,sub-144,2
598,sameEv-sameSchema,3,2,-0.005788318505979115,sub-144,3
599,sameEv-sameSchema,3,2,-0.02272851084137753,sub-144,4
600,sameEv-otherSchema,3,2,0.008486829467415741,sub-108,2
601,sameEv-otherSchema,3,2,0.02602069376410701,sub-108,3
602,sameEv-otherSchema,3,2,0.0201540101390289,sub-108,4
603,sameEv-otherSchema,3,2,0.013285780548618358,sub-140,2
604,sameEv-otherSchema,3,2,0.0015442089880225588,sub-140,3
605,sameEv-otherSchema,3,2,-0.012308118968882203,sub-140,4
606,sameEv-otherSchema,3,2,-0.010591880028021534,sub-133,2
607,sameEv-otherSchema,3,2,0.004320579386374815,sub-133,3
608,sameEv-otherSchema,3,2,-0.010267142284293505,sub-133,4
609,sameEv-otherSchema,3,2,-0.07104243680006796,sub-134,2
610,sameEv-otherSchema,3,2,-0.07333648566621939,sub-134,3
611,sameEv-otherSchema,3,2,-0.09118424668345862,sub-134,4
612,sameEv-otherSchema,3,2,-0.001625415296896267,sub-106,2
613,sameEv-otherSchema,3,2,0.04022788052874208,sub-106,3
614,sameEv-otherSchema,3,2,-0.02508257095519374,sub-106,4
615,sameEv-otherSchema,3,2,-0.04055180007239134,sub-124,2
616,sameEv-otherSchema,3,2,-0.06022363514236799,sub-124,3
617,sameEv-otherSchema,3,2,-0.03378046896218642,sub-124,4
618,sameEv-otherSchema,3,2,0.01125897581458269,sub-123,2
619,sameEv-otherSchema,3,2,0.046650643848281464,sub-123,3
620,sameEv-otherSchema,3,2,0.03103906290370615,sub-123,4
621,sameEv-otherSchema,3,2,0.014385935310456389,sub-142,2
622,sameEv-otherSchema,3,2,-0.005917077239026979,sub-142,3
623,sameEv-otherSchema,3,2,-0.012749428928034396,sub-142,4
624,sameEv-otherSchema,3,2,0.039588534094728865,sub-126,2
625,sameEv-otherSchema,3,2,0.12420277082432916,sub-126,3
626,sameEv-otherSchema,3,2,0.12841215993132576,sub-126,4
627,sameEv-otherSchema,3,2,0.02343652997341219,sub-105,2
628,sameEv-otherSchema,3,2,0.04233727428804684,sub-105,3
629,sameEv-otherSchema,3,2,0.01789793737693894,sub-105,4
630,sameEv-otherSchema,3,2,-0.08268597769948414,sub-109,2
631,sameEv-otherSchema,3,2,-0.07989594213730034,sub-109,3
632,sameEv-otherSchema,3,2,-0.0517219390817848,sub-109,4
633,sameEv-otherSchema,3,2,-0.06496356192671508,sub-127,2
634,sameEv-otherSchema,3,2,-0.02925728536354035,sub-127,3
635,sameEv-otherSchema,3,2,-0.028149721011621626,sub-127,4
636,sameEv-otherSchema,3,2,0.020603921363177898,sub-111,2
637,sameEv-otherSchema,3,2,0.007102981828987214,sub-111,3
638,sameEv-otherSchema,3,2,0.018914785483599806,sub-111,4
639,sameEv-otherSchema,3,2,0.013722511820408302,sub-138,2
640,sameEv-otherSchema,3,2,-0.008633868648849873,sub-138,3
641,sameEv-otherSchema,3,2,-0.037380364410747845,sub-138,4
642,sameEv-otherSchema,3,2,0.01041044539909975,sub-103,2
643,sameEv-otherSchema,3,2,0.011634603263218544,sub-103,3
644,sameEv-otherSchema,3,2,-0.006427387984440371,sub-103,4
645,sameEv-otherSchema,3,2,-0.07318193278411524,sub-118,2
646,sameEv-otherSchema,3,2,-0.019883718574412866,sub-118,3
647,sameEv-otherSchema,3,2,-0.022133086761033652,sub-118,4
648,sameEv-otherSchema,3,2,-0.03544808952513193,sub-104,2
649,sameEv-otherSchema,3,2,-0.036965791282476054,sub-104,3
650,sameEv-otherSchema,3,2,-0.06767858857993594,sub-104,4
651,sameEv-otherSchema,3,2,-0.18202848240675887,sub-141,2
652,sameEv-otherSchema,3,2,-0.17281285883433423,sub-141,3
653,sameEv-otherSchema,3,2,-0.12153297262060256,sub-141,4
654,sameEv-otherSchema,3,2,-0.039565673665046874,sub-132,2
655,sameEv-otherSchema,3,2,0.03202505192575521,sub-132,3
656,sameEv-otherSchema,3,2,0.013126710848580827,sub-132,4
657,sameEv-otherSchema,3,2,0.01042830152846741,sub-135,2
658,sameEv-otherSchema,3,2,0.03067732345243237,sub-135,3
659,sameEv-otherSchema,3,2,0.0001987548323968254,sub-135,4
660,sameEv-otherSchema,3,2,-0.077758342756415,sub-136,2
661,sameEv-otherSchema,3,2,-0.0337678010525603,sub-136,3
662,sameEv-otherSchema,3,2,-0.07988787244916415,sub-136,4
663,sameEv-otherSchema,3,2,-0.019471704612441094,sub-117,2
664,sameEv-otherSchema,3,2,-0.015759397976946386,sub-117,3
665,sameEv-otherSchema,3,2,-0.03722883867353263,sub-117,4
666,sameEv-otherSchema,3,2,-0.007102051708556584,sub-112,2
667,sameEv-otherSchema,3,2,0.013262220561398346,sub-112,3
668,sameEv-otherSchema,3,2,-0.01972019371608319,sub-112,4
669,sameEv-otherSchema,3,2,-0.0024073686002802717,sub-139,2
670,sameEv-otherSchema,3,2,0.012921630378667958,sub-139,3
671,sameEv-otherSchema,3,2,-0.02603798984296199,sub-139,4
672,sameEv-otherSchema,3,2,0.009727071248767465,sub-110,2
673,sameEv-otherSchema,3,2,0.02764682613865592,sub-110,3
674,sameEv-otherSchema,3,2,-0.026226760153424154,sub-110,4
675,sameEv-otherSchema,3,2,-0.015466035422347296,sub-115,2
676,sameEv-otherSchema,3,2,-0.016117249324587954,sub-115,3
677,sameEv-otherSchema,3,2,-0.01717787194614321,sub-115,4
678,sameEv-otherSchema,3,2,-0.05194972872439891,sub-125,2
679,sameEv-otherSchema,3,2,-0.04030393658915779,sub-125,3
680,sameEv-otherSchema,3,2,-0.030926272791718463,sub-125,4
681,sameEv-otherSchema,3,2,-0.06945922450262611,sub-137,2
682,sameEv-otherSchema,3,2,-0.014435138578735065,sub-137,3
683,sameEv-otherSchema,3,2,-0.032424204905633344,sub-137,4
684,sameEv-otherSchema,3,2,0.004325734655298143,sub-143,2
685,sameEv-otherSchema,3,2,0.021915482579359356,sub-143,3
686,sameEv-otherSchema,3,2,0.0066074698050232975,sub-143,4
687,sameEv-otherSchema,3,2,-0.04892009163817938,sub-119,2
688,sameEv-otherSchema,3,2,-0.0817973102158669,sub-119,3
689,sameEv-otherSchema,3,2,-0.0501540439057774,sub-119,4
690,sameEv-otherSchema,3,2,-0.04502959467896091,sub-129,2
691,sameEv-otherSchema,3,2,-0.019278565918695645,sub-129,3
692,sameEv-otherSchema,3,2,-0.05939445715074676,sub-129,4
693,sameEv-otherSchema,3,2,-0.02588182647684177,sub-113,2
694,sameEv-otherSchema,3,2,-0.017949454179272847,sub-113,3
695,sameEv-otherSchema,3,2,-0.019414525854823887,sub-113,4
696,sameEv-otherSchema,3,2,-0.008955443718265918,sub-130,2
697,sameEv-otherSchema,3,2,-0.0006631939441962174,sub-130,3
698,sameEv-otherSchema,3,2,-0.016309406965855023,sub-130,4
699,sameEv-otherSchema,3,2,0.0447400710752537,sub-102,2
700,sameEv-otherSchema,3,2,0.013029405994464265,sub-102,3
701,sameEv-otherSchema,3,2,0.010087678943301408,sub-102,4
702,sameEv-otherSchema,3,2,-0.03548419384459884,sub-114,2
703,sameEv-otherSchema,3,2,-0.03233574917320512,sub-114,3
704,sameEv-otherSchema,3,2,-0.04309221536778056,sub-114,4
705,sameEv-otherSchema,3,2,-0.019300991473589126,sub-128,2
706,sameEv-otherSchema,3,2,-0.01280509382653795,sub-128,3
707,sameEv-otherSchema,3,2,-0.025760787350525872,sub-128,4
708,sameEv-otherSchema,3,2,0.01900226694258531,sub-107,2
709,sameEv-otherSchema,3,2,0.016919009328626992,sub-107,3
710,sameEv-otherSchema,3,2,0.0011267663761225523,sub-107,4
711,sameEv-otherSchema,3,2,4.911527026494938e-05,sub-122,2
712,sameEv-otherSchema,3,2,0.026756553750660304,sub-122,3
713,sameEv-otherSchema,3,2,-0.008670730682418318,sub-122,4
714,sameEv-otherSchema,3,2,-0.023819342212394304,sub-131,2
715,sameEv-otherSchema,3,2,-0.036851235587107345,sub-131,3
716,sameEv-otherSchema,3,2,-0.03603416683743435,sub-131,4
717,sameEv-otherSchema,3,2,-0.03692418894317064,sub-144,2
718,sameEv-otherSchema,3,2,-0.034351074382893976,sub-144,3
719,sameEv-otherSchema,3,2,-0.05542932169355989,sub-144,4
720,otherEv-sameSchema,3,2,-0.09539993473126299,sub-108,2
721,otherEv-sameSchema,3,2,-0.05957324082745025,sub-108,3
722,otherEv-sameSchema,3,2,-0.04269011804855199,sub-108,4
723,otherEv-sameSchema,3,2,-0.023835419142985217,sub-140,2
724,otherEv-sameSchema,3,2,-0.01849683439377475,sub-140,3
725,otherEv-sameSchema,3,2,-0.022903233001615175,sub-140,4
726,otherEv-sameSchema,3,2,0.02955229218796029,sub-133,2
727,otherEv-sameSchema,3,2,0.003029433171285522,sub-133,3
728,otherEv-sameSchema,3,2,-0.04643887645257957,sub-133,4
729,otherEv-sameSchema,3,2,-0.11123709301496776,sub-134,2
730,otherEv-sameSchema,3,2,-0.09294291168334537,sub-134,3
731,otherEv-sameSchema,3,2,-0.10484116079890077,sub-134,4
732,otherEv-sameSchema,3,2,0.004589292652792108,sub-106,2
733,otherEv-sameSchema,3,2,0.037371840182730584,sub-106,3
734,otherEv-sameSchema,3,2,-0.023476373031023436,sub-106,4
735,otherEv-sameSchema,3,2,0.006370509516544517,sub-124,2
736,otherEv-sameSchema,3,2,0.016306873719124648,sub-124,3
737,otherEv-sameSchema,3,2,0.01162169614087303,sub-124,4
738,otherEv-sameSchema,3,2,-0.023545019631425638,sub-123,2
739,otherEv-sameSchema,3,2,-0.04449039415588146,sub-123,3
740,otherEv-sameSchema,3,2,-0.06459384722498929,sub-123,4
741,otherEv-sameSchema,3,2,-0.07868438038256774,sub-142,2
742,otherEv-sameSchema,3,2,-0.01948334479373053,sub-142,3
743,otherEv-sameSchema,3,2,-0.04974939826925747,sub-142,4
744,otherEv-sameSchema,3,2,-0.09408992678550412,sub-126,2
745,otherEv-sameSchema,3,2,-0.14799644998919453,sub-126,3
746,otherEv-sameSchema,3,2,-0.12173333723526886,sub-126,4
747,otherEv-sameSchema,3,2,-0.02284135658559378,sub-105,2
748,otherEv-sameSchema,3,2,-0.002558367700379386,sub-105,3
749,otherEv-sameSchema,3,2,-0.018788265229553916,sub-105,4
750,otherEv-sameSchema,3,2,-0.019753255796693382,sub-109,2
751,otherEv-sameSchema,3,2,-0.05120116577822607,sub-109,3
752,otherEv-sameSchema,3,2,-0.04710516541204461,sub-109,4
753,otherEv-sameSchema,3,2,0.0015524572915438688,sub-127,2
754,otherEv-sameSchema,3,2,0.010882944190318364,sub-127,3
755,otherEv-sameSchema,3,2,-0.012669231438793758,sub-127,4
756,otherEv-sameSchema,3,2,-0.022504693236936425,sub-111,2
757,otherEv-sameSchema,3,2,0.007307098070643005,sub-111,3
758,otherEv-sameSchema,3,2,0.005321361895500243,sub-111,4
759,otherEv-sameSchema,3,2,-0.04536241066478074,sub-138,2
760,otherEv-sameSchema,3,2,-0.04785650932862694,sub-138,3
761,otherEv-sameSchema,3,2,-0.029682243642846686,sub-138,4
762,otherEv-sameSchema,3,2,0.02542318262585512,sub-103,2
763,otherEv-sameSchema,3,2,0.022815726600393778,sub-103,3
764,otherEv-sameSchema,3,2,0.0029456347848532834,sub-103,4
765,otherEv-sameSchema,3,2,-0.013829424849270584,sub-118,2
766,otherEv-sameSchema,3,2,-0.014982914025356566,sub-118,3
767,otherEv-sameSchema,3,2,-0.029869476510348707,sub-118,4
768,otherEv-sameSchema,3,2,0.026442990268627828,sub-104,2
769,otherEv-sameSchema,3,2,0.007513349121164122,sub-104,3
770,otherEv-sameSchema,3,2,-0.01731271835830568,sub-104,4
771,otherEv-sameSchema,3,2,-0.2202244286918049,sub-141,2
772,otherEv-sameSchema,3,2,-0.16545613776100632,sub-141,3
773,otherEv-sameSchema,3,2,-0.12093709676812275,sub-141,4
774,otherEv-sameSchema,3,2,0.002252480866873555,sub-132,2
775,otherEv-sameSchema,3,2,-0.024170028334053625,sub-132,3
776,otherEv-sameSchema,3,2,-0.018264359122124492,sub-132,4
777,otherEv-sameSchema,3,2,-0.004421613120107637,sub-135,2
778,otherEv-sameSchema,3,2,0.018120857945540983,sub-135,3
779,otherEv-sameSchema,3,2,-0.00528231252701346,sub-135,4
780,otherEv-sameSchema,3,2,0.05688920607616297,sub-136,2
781,otherEv-sameSchema,3,2,0.10347378102648946,sub-136,3
782,otherEv-sameSchema,3,2,0.09098228402788881,sub-136,4
783,otherEv-sameSchema,3,2,0.004812753118101384,sub-117,2
784,otherEv-sameSchema,3,2,0.03736593998312166,sub-117,3
785,otherEv-sameSchema,3,2,0.01844536993566188,sub-117,4
786,otherEv-sameSchema,3,2,0.005111666295573559,sub-112,2
787,otherEv-sameSchema,3,2,0.019749120563799683,sub-112,3
788,otherEv-sameSchema,3,2,0.0036244627335158108,sub-112,4
789,otherEv-sameSchema,3,2,0.034527729390141086,sub-139,2
790,otherEv-sameSchema,3,2,0.044580163010853234,sub-139,3
791,otherEv-sameSchema,3,2,0.008061008260096893,sub-139,4
792,otherEv-sameSchema,3,2,0.029292614311975617,sub-110,2
793,otherEv-sameSchema,3,2,0.025788520405680245,sub-110,3
794,otherEv-sameSchema,3,2,-0.01610407473986391,sub-110,4
795,otherEv-sameSchema,3,2,-0.004664118824697576,sub-115,2
796,otherEv-sameSchema,3,2,0.004565312213389608,sub-115,3
797,otherEv-sameSchema,3,2,-0.033452412388191535,sub-115,4
798,otherEv-sameSchema,3,2,-0.010446036063497217,sub-125,2
799,otherEv-sameSchema,3,2,0.012653214323332242,sub-125,3
800,otherEv-sameSchema,3,2,0.020675521048665914,sub-125,4
801,otherEv-sameSchema,3,2,-0.015155389800613874,sub-137,2
802,otherEv-sameSchema,3,2,0.020516102236709476,sub-137,3
803,otherEv-sameSchema,3,2,-0.010082657247995029,sub-137,4
804,otherEv-sameSchema,3,2,-0.010755027220774217,sub-143,2
805,otherEv-sameSchema,3,2,-0.01554329947654027,sub-143,3
806,otherEv-sameSchema,3,2,-0.04052635232075114,sub-143,4
807,otherEv-sameSchema,3,2,-0.03535653320410557,sub-119,2
808,otherEv-sameSchema,3,2,-0.00718202978677417,sub-119,3
809,otherEv-sameSchema,3,2,-0.03046821348388781,sub-119,4
810,otherEv-sameSchema,3,2,-0.02713594124503915,sub-129,2
811,otherEv-sameSchema,3,2,-0.03041695931181869,sub-129,3
812,otherEv-sameSchema,3,2,-0.030445143291072254,sub-129,4
813,otherEv-sameSchema,3,2,0.0027846066194286566,sub-113,2
814,otherEv-sameSchema,3,2,-0.026575342619939442,sub-113,3
815,otherEv-sameSchema,3,2,0.0009338456874609677,sub-113,4
816,otherEv-sameSchema,3,2,-0.0010045928234950962,sub-130,2
817,otherEv-sameSchema,3,2,-0.01523284799260428,sub-130,3
818,otherEv-sameSchema,3,2,-0.05387754451207789,sub-130,4
819,otherEv-sameSchema,3,2,-0.07555979402147109,sub-102,2
820,otherEv-sameSchema,3,2,-0.07721619525557419,sub-102,3
821,otherEv-sameSchema,3,2,-0.07143255327369664,sub-102,4
822,otherEv-sameSchema,3,2,0.0032510668460014043,sub-114,2
823,otherEv-sameSchema,3,2,0.023217505016522273,sub-114,3
824,otherEv-sameSchema,3,2,-0.016589528446869145,sub-114,4
825,otherEv-sameSchema,3,2,-0.009333767730612522,sub-128,2
826,otherEv-sameSchema,3,2,0.009918367010036998,sub-128,3
827,otherEv-sameSchema,3,2,-0.006885711562935215,sub-128,4
828,otherEv-sameSchema,3,2,0.016529487716816577,sub-107,2
829,otherEv-sameSchema,3,2,0.033759792357009086,sub-107,3
830,otherEv-sameSchema,3,2,-0.0074924925262930785,sub-107,4
831,otherEv-sameSchema,3,2,0.010133828196967794,sub-122,2
832,otherEv-sameSchema,3,2,-0.013028040658166479,sub-122,3
833,otherEv-sameSchema,3,2,-0.031707374357681534,sub-122,4
834,otherEv-sameSchema,3,2,-0.018261615886507182,sub-131,2
835,otherEv-sameSchema,3,2,-0.00430882338626094,sub-131,3
836,otherEv-sameSchema,3,2,-0.005050926041909573,sub-131,4
837,otherEv-sameSchema,3,2,0.00499703125477506,sub-144,2
838,otherEv-sameSchema,3,2,-0.03653729124645825,sub-144,3
839,otherEv-sameSchema,3,2,-0.029257082763050453,sub-144,4
840,otherEv-otherSchema,3,2,-0.02562799330286003,sub-108,2
841,otherEv-otherSchema,3,2,-0.02717077420400521,sub-108,3
842,otherEv-otherSchema,3,2,-0.04668712181241861,sub-108,4
843,otherEv-otherSchema,3,2,-0.013845709035761366,sub-140,2
844,otherEv-otherSchema,3,2,0.006228501191240628,sub-140,3
845,otherEv-otherSchema,3,2,-0.03306969689490015,sub-140,4
846,otherEv-otherSchema,3,2,-0.0037181418114021012,sub-133,2
847,otherEv-otherSchema,3,2,-0.008488669153827334,sub-133,3
848,otherEv-otherSchema,3,2,-0.05905379807734125,sub-133,4
849,otherEv-otherSchema,3,2,0.0638338942703673,sub-134,2
850,otherEv-otherSchema,3,2,0.0713830533489632,sub-134,3
851,otherEv-otherSchema,3,2,0.04439579958951327,sub-134,4
852,otherEv-otherSchema,3,2,-0.037503765504053384,sub-106,2
853,otherEv-otherSchema,3,2,0.02192905306031799,sub-106,3
854,otherEv-otherSchema,3,2,-0.031279902331556426,sub-106,4
855,otherEv-otherSchema,3,2,-0.0631774148197981,sub-124,2
856,otherEv-otherSchema,3,2,-0.10918157035617537,sub-124,3
857,otherEv-otherSchema,3,2,-0.06178337663270435,sub-124,4
858,otherEv-otherSchema,3,2,-0.07814219856701325,sub-123,2
859,otherEv-otherSchema,3,2,-0.08020153739207177,sub-123,3
860,otherEv-otherSchema,3,2,-0.09444275212755229,sub-123,4
861,otherEv-otherSchema,3,2,-0.02720698084989155,sub-142,2
862,otherEv-otherSchema,3,2,-0.06672361746161713,sub-142,3
863,otherEv-otherSchema,3,2,-0.05870711758831887,sub-142,4
864,otherEv-otherSchema,3,2,-0.03986015245379911,sub-126,2
865,otherEv-otherSchema,3,2,-0.10184597560389946,sub-126,3
866,otherEv-otherSchema,3,2,-0.14114754418191494,sub-126,4
867,otherEv-otherSchema,3,2,-0.09345066425674332,sub-105,2
868,otherEv-otherSchema,3,2,-0.07417450430413473,sub-105,3
869,otherEv-otherSchema,3,2,-0.07951175157878285,sub-105,4
870,otherEv-otherSchema,3,2,0.04377332429612362,sub-109,2
871,otherEv-otherSchema,3,2,0.050715311044277914,sub-109,3
872,otherEv-otherSchema,3,2,0.03530130444700557,sub-109,4
873,otherEv-otherSchema,3,2,-0.014651936451389095,sub-127,2
874,otherEv-otherSchema,3,2,-0.011392728293233487,sub-127,3
875,otherEv-otherSchema,3,2,-0.013535633674302348,sub-127,4
876,otherEv-otherSchema,3,2,-0.03019894413083438,sub-111,2
877,otherEv-otherSchema,3,2,-0.04079091479373804,sub-111,3
878,otherEv-otherSchema,3,2,-0.033539723202708545,sub-111,4
879,otherEv-otherSchema,3,2,-0.051653094480316714,sub-138,2
880,otherEv-otherSchema,3,2,-0.03778562166834771,sub-138,3
881,otherEv-otherSchema,3,2,-0.006243839444364421,sub-138,4
882,otherEv-otherSchema,3,2,-0.007091966706395413,sub-103,2
883,otherEv-otherSchema,3,2,3.229226696440431e-05,sub-103,3
884,otherEv-otherSchema,3,2,-0.025737116859962477,sub-103,4
885,otherEv-otherSchema,3,2,0.012738700213487624,sub-118,2
886,otherEv-otherSchema,3,2,-0.00331678387480189,sub-118,3
887,otherEv-otherSchema,3,2,-0.02570194691567016,sub-118,4
888,otherEv-otherSchema,3,2,-0.011394835474759129,sub-104,2
889,otherEv-otherSchema,3,2,0.054257157800269004,sub-104,3
890,otherEv-otherSchema,3,2,0.003042042603131262,sub-104,4
891,otherEv-otherSchema,3,2,0.1613108745382562,sub-141,2
892,otherEv-otherSchema,3,2,0.1274552681934481,sub-141,3
893,otherEv-otherSchema,3,2,0.06632934478096832,sub-141,4
894,otherEv-otherSchema,3,2,-0.01934038192034151,sub-132,2
895,otherEv-otherSchema,3,2,-0.07960347707462892,sub-132,3
896,otherEv-otherSchema,3,2,-0.05727542486073111,sub-132,4
897,otherEv-otherSchema,3,2,-0.03710815291657404,sub-135,2
898,otherEv-otherSchema,3,2,-0.01613880984968545,sub-135,3
899,otherEv-otherSchema,3,2,-0.028195842637948314,sub-135,4
900,otherEv-otherSchema,3,2,-0.015100324034533414,sub-136,2
901,otherEv-otherSchema,3,2,-0.047809787104264284,sub-136,3
902,otherEv-otherSchema,3,2,-0.10050553585304994,sub-136,4
903,otherEv-otherSchema,3,2,-0.03136561605792995,sub-117,2
904,otherEv-otherSchema,3,2,-0.009091164302901324,sub-117,3
905,otherEv-otherSchema,3,2,-0.027754963183429293,sub-117,4
906,otherEv-otherSchema,3,2,-0.017462508677031145,sub-112,2
907,otherEv-otherSchema,3,2,0.004919515079479442,sub-112,3
908,otherEv-otherSchema,3,2,-0.019809716869567475,sub-112,4
909,otherEv-otherSchema,3,2,0.006225747970993644,sub-139,2
910,otherEv-otherSchema,3,2,0.0019488253673822069,sub-139,3
911,otherEv-otherSchema,3,2,-0.010105727440810579,sub-139,4
912,otherEv-otherSchema,3,2,-0.011353485944123167,sub-110,2
913,otherEv-otherSchema,3,2,0.019945377663798322,sub-110,3
914,otherEv-otherSchema,3,2,-0.03321161390688295,sub-110,4
915,otherEv-otherSchema,3,2,-0.0018454000290534336,sub-115,2
916,otherEv-otherSchema,3,2,-0.00812764463157532,sub-115,3
917,otherEv-otherSchema,3,2,0.007054355056306808,sub-115,4
918,otherEv-otherSchema,3,2,0.0299207988201718,sub-125,2
919,otherEv-otherSchema,3,2,0.04143688248468967,sub-125,3
920,otherEv-otherSchema,3,2,-0.007712988328216077,sub-125,4
921,otherEv-otherSchema,3,2,-0.0042449946082347145,sub-137,2
922,otherEv-otherSchema,3,2,0.019255994723382665,sub-137,3
923,otherEv-otherSchema,3,2,0.029235276947365666,sub-137,4
924,otherEv-otherSchema,3,2,0.005662073843171691,sub-143,2
925,otherEv-otherSchema,3,2,-0.011271032932334465,sub-143,3
926,otherEv-otherSchema,3,2,-0.020613035315516517,sub-143,4
927,otherEv-otherSchema,3,2,0.027486733419776047,sub-119,2
928,otherEv-otherSchema,3,2,0.03614605469312781,sub-119,3
929,otherEv-otherSchema,3,2,0.04063605298227913,sub-119,4
930,otherEv-otherSchema,3,2,0.02757283794580279,sub-129,2
931,otherEv-otherSchema,3,2,0.026970739987033553,sub-129,3
932,otherEv-otherSchema,3,2,0.03414708945637034,sub-129,4
933,otherEv-otherSchema,3,2,0.035146025155749806,sub-113,2
934,otherEv-otherSchema,3,2,0.049493596323776944,sub-113,3
935,otherEv-otherSchema,3,2,0.009124248127071008,sub-113,4
936,otherEv-otherSchema,3,2,0.02438715057213847,sub-130,2
937,otherEv-otherSchema,3,2,-0.026658618924986638,sub-130,3
938,otherEv-otherSchema,3,2,-0.021772097710464372,sub-130,4
939,otherEv-otherSchema,3,2,-0.02077949208261841,sub-102,2
940,otherEv-otherSchema,3,2,-0.02273618203265188,sub-102,3
941,otherEv-otherSchema,3,2,-0.023806707672460042,sub-102,4
942,otherEv-otherSchema,3,2,0.013512457505628718,sub-114,2
943,otherEv-otherSchema,3,2,0.012107674175027318,sub-114,3
944,otherEv-otherSchema,3,2,0.0045512297502906755,sub-114,4
945,otherEv-otherSchema,3,2,0.012589302475846399,sub-128,2
946,otherEv-otherSchema,3,2,0.004392997676847685,sub-128,3
947,otherEv-otherSchema,3,2,-0.01090990131105024,sub-128,4
948,otherEv-otherSchema,3,2,-0.004346079291692206,sub-107,2
949,otherEv-otherSchema,3,2,0.009891672519569768,sub-107,3
950,otherEv-otherSchema,3,2,-0.0006190758116025007,sub-107,4
951,otherEv-otherSchema,3,2,-0.038773613530493016,sub-122,2
952,otherEv-otherSchema,3,2,-0.08714833807568599,sub-122,3
953,otherEv-otherSchema,3,2,-0.07727823125270186,sub-122,4
954,otherEv-otherSchema,3,2,0.0130710819988226,sub-131,2
955,otherEv-otherSchema,3,2,0.019131941317870806,sub-131,3
956,otherEv-otherSchema,3,2,0.004938712009989627,sub-131,4
957,otherEv-otherSchema,3,2,-0.0021871739291779977,sub-144,2
958,otherEv-otherSchema,3,2,0.029130483719925025,sub-144,3
959,otherEv-otherSchema,3,2,0.010598012864380692,sub-144,4
960,sameEv-sameSchema,4,2,-0.002709694917770123,sub-108,2
961,sameEv-sameSchema,4,2,-0.011552073578494929,sub-108,3
962,sameEv-sameSchema,4,2,-0.03384895157998376,sub-108,4
963,sameEv-sameSchema,4,2,-0.012130555106731389,sub-140,2
964,sameEv-sameSchema,4,2,-0.011487321509106994,sub-140,3
965,sameEv-sameSchema,4,2,-0.03413156733629269,sub-140,4
966,sameEv-sameSchema,4,2,-0.05734584724033016,sub-133,2
967,sameEv-sameSchema,4,2,-0.05865652462242895,sub-133,3
968,sameEv-sameSchema,4,2,0.01592167459564956,sub-133,4
969,sameEv-sameSchema,4,2,0.04620230969463177,sub-134,2
970,sameEv-sameSchema,4,2,0.04823786868261009,sub-134,3
971,sameEv-sameSchema,4,2,0.04653596812836379,sub-134,4
972,sameEv-sameSchema,4,2,-0.0167692575517456,sub-106,2
973,sameEv-sameSchema,4,2,-0.022104917789223626,sub-106,3
974,sameEv-sameSchema,4,2,-0.004471636681794155,sub-106,4
975,sameEv-sameSchema,4,2,0.007407196027169554,sub-124,2
976,sameEv-sameSchema,4,2,-0.03553858070674662,sub-124,3
977,sameEv-sameSchema,4,2,-0.07410772853880992,sub-124,4
978,sameEv-sameSchema,4,2,-0.014948539144849391,sub-123,2
979,sameEv-sameSchema,4,2,-0.01819994621085284,sub-123,3
980,sameEv-sameSchema,4,2,-0.056578076341114725,sub-123,4
981,sameEv-sameSchema,4,2,0.016959905616337798,sub-142,2
982,sameEv-sameSchema,4,2,-0.006216563656751121,sub-142,3
983,sameEv-sameSchema,4,2,-0.03135477029790475,sub-142,4
984,sameEv-sameSchema,4,2,-0.025288552212806636,sub-126,2
985,sameEv-sameSchema,4,2,0.03133431181866188,sub-126,3
986,sameEv-sameSchema,4,2,0.08354159538130898,sub-126,4
987,sameEv-sameSchema,4,2,0.011199029263969483,sub-105,2
988,sameEv-sameSchema,4,2,-0.02381500474235221,sub-105,3
989,sameEv-sameSchema,4,2,-0.060919674908754336,sub-105,4
990,sameEv-sameSchema,4,2,0.013300660764102702,sub-109,2
991,sameEv-sameSchema,4,2,0.027910945078759183,sub-109,3
992,sameEv-sameSchema,4,2,0.051638238816453026,sub-109,4
993,sameEv-sameSchema,4,2,0.007588080051341871,sub-127,2
994,sameEv-sameSchema,4,2,0.023664757719829066,sub-127,3
995,sameEv-sameSchema,4,2,0.02231681539043362,sub-127,4
996,sameEv-sameSchema,4,2,-0.007800023357039595,sub-111,2
997,sameEv-sameSchema,4,2,0.02065410318517968,sub-111,3
998,sameEv-sameSchema,4,2,0.04075583864596834,sub-111,4
999,sameEv-sameSchema,4,2,-0.03863382055681456,sub-138,2
1000,sameEv-sameSchema,4,2,-0.0343859666894778,sub-138,3
1001,sameEv-sameSchema,4,2,-0.08461528793281453,sub-138,4
1002,sameEv-sameSchema,4,2,-0.0014783587204708433,sub-103,2
1003,sameEv-sameSchema,4,2,-0.005657592415838193,sub-103,3
1004,sameEv-sameSchema,4,2,-0.010579992676367483,sub-103,4
1005,sameEv-sameSchema,4,2,0.016532581978843053,sub-118,2
1006,sameEv-sameSchema,4,2,0.005750177087835596,sub-118,3
1007,sameEv-sameSchema,4,2,-0.011064646814820202,sub-118,4
1008,sameEv-sameSchema,4,2,-0.07789284030333574,sub-104,2
1009,sameEv-sameSchema,4,2,-0.0721576764575227,sub-104,3
1010,sameEv-sameSchema,4,2,-0.05057054173870211,sub-104,4
1011,sameEv-sameSchema,4,2,0.0987486173557617,sub-141,2
1012,sameEv-sameSchema,4,2,0.11392932183827405,sub-141,3
1013,sameEv-sameSchema,4,2,0.132598978846871,sub-141,4
1014,sameEv-sameSchema,4,2,-0.011672380409774242,sub-132,2
1015,sameEv-sameSchema,4,2,-0.050518120737886,sub-132,3
1016,sameEv-sameSchema,4,2,-0.09278535153436121,sub-132,4
1017,sameEv-sameSchema,4,2,0.01620353149707712,sub-135,2
1018,sameEv-sameSchema,4,2,0.006776528658214534,sub-135,3
1019,sameEv-sameSchema,4,2,0.0004760098508859664,sub-135,4
1020,sameEv-sameSchema,4,2,-0.01635401301893785,sub-136,2
1021,sameEv-sameSchema,4,2,0.008210851689656015,sub-136,3
1022,sameEv-sameSchema,4,2,0.05187587548741722,sub-136,4
1023,sameEv-sameSchema,4,2,-0.021577784780798494,sub-117,2
1024,sameEv-sameSchema,4,2,-0.011548428073388923,sub-117,3
1025,sameEv-sameSchema,4,2,-0.008956216826709417,sub-117,4
1026,sameEv-sameSchema,4,2,-0.010042108158373825,sub-112,2
1027,sameEv-sameSchema,4,2,-0.011748172093358315,sub-112,3
1028,sameEv-sameSchema,4,2,0.004324953927147863,sub-112,4
1029,sameEv-sameSchema,4,2,-0.05063068372821993,sub-139,2
1030,sameEv-sameSchema,4,2,-0.0436553705637997,sub-139,3
1031,sameEv-sameSchema,4,2,-0.016664877029006313,sub-139,4
1032,sameEv-sameSchema,4,2,-0.0027176706208672883,sub-110,2
1033,sameEv-sameSchema,4,2,-0.017357925824443007,sub-110,3
1034,sameEv-sameSchema,4,2,-0.006831960553260373,sub-110,4
1035,sameEv-sameSchema,4,2,-0.043256838311769324,sub-115,2
1036,sameEv-sameSchema,4,2,-0.033426614852455586,sub-115,3
1037,sameEv-sameSchema,4,2,-0.021257913018510304,sub-115,4
1038,sameEv-sameSchema,4,2,0.02696300099300609,sub-125,2
1039,sameEv-sameSchema,4,2,-0.009072757766208816,sub-125,3
1040,sameEv-sameSchema,4,2,-0.04594559291556124,sub-125,4
1041,sameEv-sameSchema,4,2,0.04270481613425709,sub-137,2
1042,sameEv-sameSchema,4,2,0.00567589024155986,sub-137,3
1043,sameEv-sameSchema,4,2,0.023376674830716034,sub-137,4
1044,sameEv-sameSchema,4,2,0.01241031005924389,sub-143,2
1045,sameEv-sameSchema,4,2,0.023092231246698413,sub-143,3
1046,sameEv-sameSchema,4,2,0.04250736865485296,sub-143,4
1047,sameEv-sameSchema,4,2,0.0013634180735462428,sub-119,2
1048,sameEv-sameSchema,4,2,-0.006463465879075947,sub-119,3
1049,sameEv-sameSchema,4,2,-0.013538357525332504,sub-119,4
1050,sameEv-sameSchema,4,2,0.017205537583004762,sub-129,2
1051,sameEv-sameSchema,4,2,-0.015365911492100016,sub-129,3
1052,sameEv-sameSchema,4,2,-0.06112668383518248,sub-129,4
1053,sameEv-sameSchema,4,2,-0.004992529021667695,sub-113,2
1054,sameEv-sameSchema,4,2,-0.020794993066561098,sub-113,3
1055,sameEv-sameSchema,4,2,-0.047105521838831904,sub-113,4
1056,sameEv-sameSchema,4,2,0.025022467507520196,sub-130,2
1057,sameEv-sameSchema,4,2,-0.011753495984008124,sub-130,3
1058,sameEv-sameSchema,4,2,-0.023500407452096243,sub-130,4
1059,sameEv-sameSchema,4,2,0.014603650683466198,sub-102,2
1060,sameEv-sameSchema,4,2,6.18456754550087e-05,sub-102,3
1061,sameEv-sameSchema,4,2,0.03839009967125518,sub-102,4
1062,sameEv-sameSchema,4,2,-0.023240024164426533,sub-114,2
1063,sameEv-sameSchema,4,2,-0.008370404176617148,sub-114,3
1064,sameEv-sameSchema,4,2,0.011953016065213012,sub-114,4
1065,sameEv-sameSchema,4,2,-0.019434072026998192,sub-128,2
1066,sameEv-sameSchema,4,2,-0.025088581436392355,sub-128,3
1067,sameEv-sameSchema,4,2,-0.007622854685924169,sub-128,4
1068,sameEv-sameSchema,4,2,0.003497421994036312,sub-107,2
1069,sameEv-sameSchema,4,2,0.012404395079959718,sub-107,3
1070,sameEv-sameSchema,4,2,0.021565441458963636,sub-107,4
1071,sameEv-sameSchema,4,2,0.053455810445617424,sub-122,2
1072,sameEv-sameSchema,4,2,0.021780385571243413,sub-122,3
1073,sameEv-sameSchema,4,2,0.049272859338231646,sub-122,4
1074,sameEv-sameSchema,4,2,-0.03234654003458798,sub-131,2
1075,sameEv-sameSchema,4,2,-0.03629413299260997,sub-131,3
1076,sameEv-sameSchema,4,2,-0.026148689190683562,sub-131,4
1077,sameEv-sameSchema,4,2,-0.03170732319594161,sub-144,2
1078,sameEv-sameSchema,4,2,-0.021962230766460242,sub-144,3
1079,sameEv-sameSchema,4,2,-0.03830629367166116,sub-144,4
1080,sameEv-otherSchema,4,2,-0.050219681689390755,sub-108,2
1081,sameEv-otherSchema,4,2,-0.05710133101018121,sub-108,3
1082,sameEv-otherSchema,4,2,-0.040822295358497775,sub-108,4
1083,sameEv-otherSchema,4,2,-0.03908687637296507,sub-140,2
1084,sameEv-otherSchema,4,2,-0.03621697271244808,sub-140,3
1085,sameEv-otherSchema,4,2,-0.04764388042736822,sub-140,4
1086,sameEv-otherSchema,4,2,0.01852865676063793,sub-133,2
1087,sameEv-otherSchema,4,2,-0.05075940071239076,sub-133,3
1088,sameEv-otherSchema,4,2,-0.04245704570826367,sub-133,4
1089,sameEv-otherSchema,4,2,0.04991524046951519,sub-134,2
1090,sameEv-otherSchema,4,2,0.03588521989791636,sub-134,3
1091,sameEv-otherSchema,4,2,0.031811025448099405,sub-134,4
1092,sameEv-otherSchema,4,2,-0.0005098437916115756,sub-106,2
1093,sameEv-otherSchema,4,2,-0.03491682499519751,sub-106,3
1094,sameEv-otherSchema,4,2,0.0051253984476299485,sub-106,4
1095,sameEv-otherSchema,4,2,-0.11196193188589178,sub-124,2
1096,sameEv-otherSchema,4,2,-0.09356035329990846,sub-124,3
1097,sameEv-otherSchema,4,2,-0.0771990969894816,sub-124,4
1098,sameEv-otherSchema,4,2,-0.0902306163268569,sub-123,2
1099,sameEv-otherSchema,4,2,-0.09974710263677858,sub-123,3
1100,sameEv-otherSchema,4,2,-0.09010753018230613,sub-123,4
1101,sameEv-otherSchema,4,2,-0.026294034308751737,sub-142,2
1102,sameEv-otherSchema,4,2,-0.07065676972181115,sub-142,3
1103,sameEv-otherSchema,4,2,-0.038434722045993436,sub-142,4
1104,sameEv-otherSchema,4,2,-0.06467515160246777,sub-126,2
1105,sameEv-otherSchema,4,2,-0.14627895686260395,sub-126,3
1106,sameEv-otherSchema,4,2,-0.1728719782512123,sub-126,4
1107,sameEv-otherSchema,4,2,-0.08015150423701072,sub-105,2
1108,sameEv-otherSchema,4,2,-0.08311217613936527,sub-105,3
1109,sameEv-otherSchema,4,2,-0.05552877977476848,sub-105,4
1110,sameEv-otherSchema,4,2,0.06131973822652414,sub-109,2
1111,sameEv-otherSchema,4,2,0.02865911867286177,sub-109,3
1112,sameEv-otherSchema,4,2,0.026084419121884403,sub-109,4
1113,sameEv-otherSchema,4,2,-0.006988355315145383,sub-127,2
1114,sameEv-otherSchema,4,2,-0.012224144425635127,sub-127,3
1115,sameEv-otherSchema,4,2,0.019209467896076447,sub-127,4
1116,sameEv-otherSchema,4,2,-0.051944659096366384,sub-111,2
1117,sameEv-otherSchema,4,2,-0.04744188742616316,sub-111,3
1118,sameEv-otherSchema,4,2,-0.026586920862747932,sub-111,4
1119,sameEv-otherSchema,4,2,-0.04554259276237385,sub-138,2
1120,sameEv-otherSchema,4,2,-0.02204490677375985,sub-138,3
1121,sameEv-otherSchema,4,2,-0.006161876290640131,sub-138,4
1122,sameEv-otherSchema,4,2,-0.012839686666404742,sub-103,2
1123,sameEv-otherSchema,4,2,-0.02760904408586659,sub-103,3
1124,sameEv-otherSchema,4,2,-0.011128203338856104,sub-103,4
1125,sameEv-otherSchema,4,2,0.012552700684994257,sub-118,2
1126,sameEv-otherSchema,4,2,-0.024036713459876097,sub-118,3
1127,sameEv-otherSchema,4,2,-0.01483030708231287,sub-118,4
1128,sameEv-otherSchema,4,2,-0.0040219512514569535,sub-104,2
1129,sameEv-otherSchema,4,2,-0.023139152019401584,sub-104,3
1130,sameEv-otherSchema,4,2,-0.02713605073116271,sub-104,4
1131,sameEv-otherSchema,4,2,0.09650274248877012,sub-141,2
1132,sameEv-otherSchema,4,2,0.07408573988411796,sub-141,3
1133,sameEv-otherSchema,4,2,0.08610384112755501,sub-141,4
1134,sameEv-otherSchema,4,2,-0.07860431319388968,sub-132,2
1135,sameEv-otherSchema,4,2,-0.057983280957354805,sub-132,3
1136,sameEv-otherSchema,4,2,0.0016656836791049071,sub-132,4
1137,sameEv-otherSchema,4,2,-0.035960858403950094,sub-135,2
1138,sameEv-otherSchema,4,2,-0.035426466527397615,sub-135,3
1139,sameEv-otherSchema,4,2,-0.017729441302886284,sub-135,4
1140,sameEv-otherSchema,4,2,-0.07744865357513213,sub-136,2
1141,sameEv-otherSchema,4,2,-0.09275402905976593,sub-136,3
1142,sameEv-otherSchema,4,2,-0.09546374316509307,sub-136,4
1143,sameEv-otherSchema,4,2,-0.03126629673945287,sub-117,2
1144,sameEv-otherSchema,4,2,-0.035143682505701705,sub-117,3
1145,sameEv-otherSchema,4,2,-0.018712200955975766,sub-117,4
1146,sameEv-otherSchema,4,2,-0.018333960917342244,sub-112,2
1147,sameEv-otherSchema,4,2,-0.025057422231426672,sub-112,3
1148,sameEv-otherSchema,4,2,-0.02351181686116325,sub-112,4
1149,sameEv-otherSchema,4,2,-0.028878796610391524,sub-139,2
1150,sameEv-otherSchema,4,2,-0.005622651335062272,sub-139,3
1151,sameEv-otherSchema,4,2,-0.005743431241895902,sub-139,4
1152,sameEv-otherSchema,4,2,-0.028982493226386786,sub-110,2
1153,sameEv-otherSchema,4,2,-0.03136335451388135,sub-110,3
1154,sameEv-otherSchema,4,2,-0.011621906043394185,sub-110,4
1155,sameEv-otherSchema,4,2,0.027009039043856906,sub-115,2
1156,sameEv-otherSchema,4,2,0.012088402045300515,sub-115,3
1157,sameEv-otherSchema,4,2,-0.0006550536744830936,sub-115,4
1158,sameEv-otherSchema,4,2,-0.03343860044957119,sub-125,2
1159,sameEv-otherSchema,4,2,-0.030614191906289008,sub-125,3
1160,sameEv-otherSchema,4,2,-0.06447504583894127,sub-125,4
1161,sameEv-otherSchema,4,2,0.02694021689303354,sub-137,2
1162,sameEv-otherSchema,4,2,0.01851378658814789,sub-137,3
1163,sameEv-otherSchema,4,2,-0.03765241559813652,sub-137,4
1164,sameEv-otherSchema,4,2,-0.0063353023099457974,sub-143,2
1165,sameEv-otherSchema,4,2,-0.019351873529270425,sub-143,3
1166,sameEv-otherSchema,4,2,-0.008414204695528999,sub-143,4
1167,sameEv-otherSchema,4,2,-0.01137857832030134,sub-119,2
1168,sameEv-otherSchema,4,2,0.032887454677519995,sub-119,3
1169,sameEv-otherSchema,4,2,-0.004395072455938006,sub-119,4
1170,sameEv-otherSchema,4,2,0.031135173955372897,sub-129,2
1171,sameEv-otherSchema,4,2,0.03920609122124576,sub-129,3
1172,sameEv-otherSchema,4,2,0.0307135139028959,sub-129,4
1173,sameEv-otherSchema,4,2,0.020904708735532792,sub-113,2
1174,sameEv-otherSchema,4,2,0.005448936422465496,sub-113,3
1175,sameEv-otherSchema,4,2,0.01642862234668399,sub-113,4
1176,sameEv-otherSchema,4,2,0.03489760557600198,sub-130,2
1177,sameEv-otherSchema,4,2,-0.012745015277577626,sub-130,3
1178,sameEv-otherSchema,4,2,-0.03403485628871911,sub-130,4
1179,sameEv-otherSchema,4,2,-0.021563595543389494,sub-102,2
1180,sameEv-otherSchema,4,2,-0.04514651562629642,sub-102,3
1181,sameEv-otherSchema,4,2,-0.04200816377650584,sub-102,4
1182,sameEv-otherSchema,4,2,0.030211174488896864,sub-114,2
1183,sameEv-otherSchema,4,2,0.007794154399767951,sub-114,3
1184,sameEv-otherSchema,4,2,-0.010864212563522657,sub-114,4
1185,sameEv-otherSchema,4,2,-0.016819442443451914,sub-128,2
1186,sameEv-otherSchema,4,2,-0.012622213117706414,sub-128,3
1187,sameEv-otherSchema,4,2,-0.007660831022186961,sub-128,4
1188,sameEv-otherSchema,4,2,-0.010590736641737946,sub-107,2
1189,sameEv-otherSchema,4,2,-0.006360679897228882,sub-107,3
1190,sameEv-otherSchema,4,2,0.012225588892090454,sub-107,4
1191,sameEv-otherSchema,4,2,-0.0026258769804367948,sub-122,2
1192,sameEv-otherSchema,4,2,-0.08525628961965162,sub-122,3
1193,sameEv-otherSchema,4,2,0.02917128520746317,sub-122,4
1194,sameEv-otherSchema,4,2,-0.0013676366138748424,sub-131,2
1195,sameEv-otherSchema,4,2,-0.0062034696488461,sub-131,3
1196,sameEv-otherSchema,4,2,0.006255876951136941,sub-131,4
1197,sameEv-otherSchema,4,2,-0.004347323545205834,sub-144,2
1198,sameEv-otherSchema,4,2,0.01874408706718534,sub-144,3
1199,sameEv-otherSchema,4,2,-0.017669636639773428,sub-144,4
1200,otherEv-sameSchema,4,2,-0.061345747490755144,sub-108,2
1201,otherEv-sameSchema,4,2,-0.05019208777553638,sub-108,3
1202,otherEv-sameSchema,4,2,-0.037830370113576456,sub-108,4
1203,otherEv-sameSchema,4,2,-9.059007691412162e-05,sub-140,2
1204,otherEv-sameSchema,4,2,-0.02098221704747238,sub-140,3
1205,otherEv-sameSchema,4,2,0.004093349921335457,sub-140,4
1206,otherEv-sameSchema,4,2,0.027411919995390832,sub-133,2
1207,otherEv-sameSchema,4,2,-0.030176874744507712,sub-133,3
1208,otherEv-sameSchema,4,2,-0.03588798025985837,sub-133,4
1209,otherEv-sameSchema,4,2,-0.08769179750056784,sub-134,2
1210,otherEv-sameSchema,4,2,-0.10615158681410024,sub-134,3
1211,otherEv-sameSchema,4,2,-0.07591492170458305,sub-134,4
1212,otherEv-sameSchema,4,2,0.0022131504498957956,sub-106,2
1213,otherEv-sameSchema,4,2,-0.02853288356024593,sub-106,3
1214,otherEv-sameSchema,4,2,0.0041735025572683816,sub-106,4
1215,otherEv-sameSchema,4,2,-0.02103831645258451,sub-124,2
1216,otherEv-sameSchema,4,2,0.008868555039289412,sub-124,3
1217,otherEv-sameSchema,4,2,0.014175638631427878,sub-124,4
1218,otherEv-sameSchema,4,2,-0.07184370875694479,sub-123,2
1219,otherEv-sameSchema,4,2,-0.07873472171968823,sub-123,3
1220,otherEv-sameSchema,4,2,-0.08223738880518194,sub-123,4
1221,otherEv-sameSchema,4,2,-0.07651220820319676,sub-142,2
1222,otherEv-sameSchema,4,2,-0.06133078781487272,sub-142,3
1223,otherEv-sameSchema,4,2,-0.05258733344300927,sub-142,4
1224,otherEv-sameSchema,4,2,-0.04962567069630162,sub-126,2
1225,otherEv-sameSchema,4,2,-0.12900060930221358,sub-126,3
1226,otherEv-sameSchema,4,2,-0.12506453200787546,sub-126,4
1227,otherEv-sameSchema,4,2,-0.0199706727263995,sub-105,2
1228,otherEv-sameSchema,4,2,-0.022958218526389122,sub-105,3
1229,otherEv-sameSchema,4,2,-0.015458019677760136,sub-105,4
1230,otherEv-sameSchema,4,2,-0.05506284571692976,sub-109,2
1231,otherEv-sameSchema,4,2,-0.044085292555107236,sub-109,3
1232,otherEv-sameSchema,4,2,-0.09568361907506148,sub-109,4
1233,otherEv-sameSchema,4,2,0.003568895626776335,sub-127,2
1234,otherEv-sameSchema,4,2,-0.007511281845795488,sub-127,3
1235,otherEv-sameSchema,4,2,-0.011512037470585481,sub-127,4
1236,otherEv-sameSchema,4,2,-0.0017365849825149756,sub-111,2
1237,otherEv-sameSchema,4,2,-0.0028724247226624214,sub-111,3
1238,otherEv-sameSchema,4,2,0.002854505834894009,sub-111,4
1239,otherEv-sameSchema,4,2,-0.025127405011067198,sub-138,2
1240,otherEv-sameSchema,4,2,-0.028885764839360513,sub-138,3
1241,otherEv-sameSchema,4,2,-0.021091693980214172,sub-138,4
1242,otherEv-sameSchema,4,2,0.02276071476907098,sub-103,2
1243,otherEv-sameSchema,4,2,0.001889275830812109,sub-103,3
1244,otherEv-sameSchema,4,2,0.005511457432886742,sub-103,4
1245,otherEv-sameSchema,4,2,-0.012338672708936339,sub-118,2
1246,otherEv-sameSchema,4,2,-0.0368386369639343,sub-118,3
1247,otherEv-sameSchema,4,2,-0.045057579809585635,sub-118,4
1248,otherEv-sameSchema,4,2,0.030437005845808787,sub-104,2
1249,otherEv-sameSchema,4,2,-0.011570022481150778,sub-104,3
1250,otherEv-sameSchema,4,2,-0.007130317887672454,sub-104,4
1251,otherEv-sameSchema,4,2,-0.07996787095797107,sub-141,2
1252,otherEv-sameSchema,4,2,-0.09648003224001317,sub-141,3
1253,otherEv-sameSchema,4,2,-0.11620384442400361,sub-141,4
1254,otherEv-sameSchema,4,2,-0.01423931906589298,sub-132,2
1255,otherEv-sameSchema,4,2,-0.01885863513302591,sub-132,3
1256,otherEv-sameSchema,4,2,-0.007812417459059666,sub-132,4
1257,otherEv-sameSchema,4,2,-0.007672378226873253,sub-135,2
1258,otherEv-sameSchema,4,2,-0.009833815072275931,sub-135,3
1259,otherEv-sameSchema,4,2,-0.016274259532728222,sub-135,4
1260,otherEv-sameSchema,4,2,0.046157728502753466,sub-136,2
1261,otherEv-sameSchema,4,2,0.05311457831896298,sub-136,3
1262,otherEv-sameSchema,4,2,0.080001002127494,sub-136,4
1263,otherEv-sameSchema,4,2,0.012614238853536625,sub-117,2
1264,otherEv-sameSchema,4,2,0.02465796683033651,sub-117,3
1265,otherEv-sameSchema,4,2,0.007521472894759271,sub-117,4
1266,otherEv-sameSchema,4,2,-0.0013849742199403333,sub-112,2
1267,otherEv-sameSchema,4,2,-0.0005893047951784163,sub-112,3
1268,otherEv-sameSchema,4,2,0.01881162056379971,sub-112,4
1269,otherEv-sameSchema,4,2,0.0026479897665605888,sub-139,2
1270,otherEv-sameSchema,4,2,0.010409084155741181,sub-139,3
1271,otherEv-sameSchema,4,2,-0.012010475946069361,sub-139,4
1272,otherEv-sameSchema,4,2,0.003880823283784598,sub-110,2
1273,otherEv-sameSchema,4,2,-0.014702387215936138,sub-110,3
1274,otherEv-sameSchema,4,2,-0.0012245983856152606,sub-110,4
1275,otherEv-sameSchema,4,2,0.017324437528670775,sub-115,2
1276,otherEv-sameSchema,4,2,-0.03176360657973601,sub-115,3
1277,otherEv-sameSchema,4,2,-0.026638605021528615,sub-115,4
1278,otherEv-sameSchema,4,2,0.028161643942251482,sub-125,2
1279,otherEv-sameSchema,4,2,0.033469113584705334,sub-125,3
1280,otherEv-sameSchema,4,2,0.03890823572082787,sub-125,4
1281,otherEv-sameSchema,4,2,-0.0015864123150537033,sub-137,2
1282,otherEv-sameSchema,4,2,-0.02490452264323099,sub-137,3
1283,otherEv-sameSchema,4,2,-0.10986881618282708,sub-137,4
1284,otherEv-sameSchema,4,2,-0.022748566925558763,sub-143,2
1285,otherEv-sameSchema,4,2,-0.03452310470993602,sub-143,3
1286,otherEv-sameSchema,4,2,-0.019456666756711358,sub-143,4
1287,otherEv-sameSchema,4,2,-0.011950421954744076,sub-119,2
1288,otherEv-sameSchema,4,2,-0.02562611805455512,sub-119,3
1289,otherEv-sameSchema,4,2,-0.029950505450703553,sub-119,4
1290,otherEv-sameSchema,4,2,-0.030068002820308082,sub-129,2
1291,otherEv-sameSchema,4,2,-0.03131316257863882,sub-129,3
1292,otherEv-sameSchema,4,2,-0.058316967715987385,sub-129,4
1293,otherEv-sameSchema,4,2,-0.007496872994459906,sub-113,2
1294,otherEv-sameSchema,4,2,-0.0007426208399365732,sub-113,3
1295,otherEv-sameSchema,4,2,0.04628001863924526,sub-113,4
1296,otherEv-sameSchema,4,2,-0.004454847786320296,sub-130,2
1297,otherEv-sameSchema,4,2,-0.05073868888968934,sub-130,3
1298,otherEv-sameSchema,4,2,-0.05149163860274709,sub-130,4
1299,otherEv-sameSchema,4,2,-0.072332795248262,sub-102,2
1300,otherEv-sameSchema,4,2,-0.084110933113734,sub-102,3
1301,otherEv-sameSchema,4,2,-0.04643629831305388,sub-102,4
1302,otherEv-sameSchema,4,2,-0.02655431725006196,sub-114,2
1303,otherEv-sameSchema,4,2,-0.03153661450799018,sub-114,3
1304,otherEv-sameSchema,4,2,-0.03935070218182689,sub-114,4
1305,otherEv-sameSchema,4,2,-0.019769774899259074,sub-128,2
1306,otherEv-sameSchema,4,2,-0.006624938469480887,sub-128,3
1307,otherEv-sameSchema,4,2,0.008029436350429884,sub-128,4
1308,otherEv-sameSchema,4,2,-0.006932091044430818,sub-107,2
1309,otherEv-sameSchema,4,2,-0.009368456754550157,sub-107,3
1310,otherEv-sameSchema,4,2,-0.003359746434231425,sub-107,4
1311,otherEv-sameSchema,4,2,-0.11220726753196812,sub-122,2
1312,otherEv-sameSchema,4,2,-0.06346461469889048,sub-122,3
1313,otherEv-sameSchema,4,2,-0.06429944502473203,sub-122,4
1314,otherEv-sameSchema,4,2,-0.04445929120695918,sub-131,2
1315,otherEv-sameSchema,4,2,-0.0035398143459367463,sub-131,3
1316,otherEv-sameSchema,4,2,-0.014672402579162011,sub-131,4
1317,otherEv-sameSchema,4,2,-0.015413763408468773,sub-144,2
1318,otherEv-sameSchema,4,2,-0.03211223766988425,sub-144,3
1319,otherEv-sameSchema,4,2,-0.029307774155981285,sub-144,4
1320,otherEv-otherSchema,4,2,0.012213559743814722,sub-108,2
1321,otherEv-otherSchema,4,2,0.02206360604860021,sub-108,3
1322,otherEv-otherSchema,4,2,0.011641315342409805,sub-108,4
1323,otherEv-otherSchema,4,2,0.007513794431330312,sub-140,2
1324,otherEv-otherSchema,4,2,-0.02057795073791317,sub-140,3
1325,otherEv-otherSchema,4,2,-0.014253605119384366,sub-140,4
1326,otherEv-otherSchema,4,2,-0.0330491858998841,sub-133,2
1327,otherEv-otherSchema,4,2,-0.009574058634792855,sub-133,3
1328,otherEv-otherSchema,4,2,0.06809002322587465,sub-133,4
1329,otherEv-otherSchema,4,2,-0.07106055721229175,sub-134,2
1330,otherEv-otherSchema,4,2,-0.08425875387803683,sub-134,3
1331,otherEv-otherSchema,4,2,-0.0890582397806576,sub-134,4
1332,otherEv-otherSchema,4,2,-9.292063408900964e-05,sub-106,2
1333,otherEv-otherSchema,4,2,-0.0270810109314221,sub-106,3
1334,otherEv-otherSchema,4,2,0.007658767498679254,sub-106,4
1335,otherEv-otherSchema,4,2,-0.03986257221363999,sub-124,2
1336,otherEv-otherSchema,4,2,-0.046584873582230006,sub-124,3
1337,otherEv-otherSchema,4,2,-0.02745775661115288,sub-124,4
1338,otherEv-otherSchema,4,2,0.03912212581508052,sub-123,2
1339,otherEv-otherSchema,4,2,0.03517790087303893,sub-123,3
1340,otherEv-otherSchema,4,2,0.06781532904290732,sub-123,4
1341,otherEv-otherSchema,4,2,0.004862735704268473,sub-142,2
1342,otherEv-otherSchema,4,2,-0.011450861072974116,sub-142,3
1343,otherEv-otherSchema,4,2,0.02474911998777314,sub-142,4
1344,otherEv-otherSchema,4,2,0.049173226283873085,sub-126,2
1345,otherEv-otherSchema,4,2,0.1258799989794932,sub-126,3
1346,otherEv-otherSchema,4,2,0.1225713228761462,sub-126,4
1347,otherEv-otherSchema,4,2,-0.006837986186603137,sub-105,2
1348,otherEv-otherSchema,4,2,0.01537542996326181,sub-105,3
1349,otherEv-otherSchema,4,2,0.05696063997742888,sub-105,4
1350,otherEv-otherSchema,4,2,-0.07413456165167004,sub-109,2
1351,otherEv-otherSchema,4,2,-0.04432401971377793,sub-109,3
1352,otherEv-otherSchema,4,2,-0.05551295817725601,sub-109,4
1353,otherEv-otherSchema,4,2,-0.014392127586191928,sub-127,2
1354,otherEv-otherSchema,4,2,-0.030206791318493957,sub-127,3
1355,otherEv-otherSchema,4,2,-0.07232466803534565,sub-127,4
1356,otherEv-otherSchema,4,2,0.012365456902987642,sub-111,2
1357,otherEv-otherSchema,4,2,0.028008159547135484,sub-111,3
1358,otherEv-otherSchema,4,2,0.04081004928444513,sub-111,4
1359,otherEv-otherSchema,4,2,-0.008911769328496006,sub-138,2
1360,otherEv-otherSchema,4,2,-0.038016758812370974,sub-138,3
1361,otherEv-otherSchema,4,2,-0.011819735088604061,sub-138,4
1362,otherEv-otherSchema,4,2,-0.0025259001191865137,sub-103,2
1363,otherEv-otherSchema,4,2,-0.01078288581136248,sub-103,3
1364,otherEv-otherSchema,4,2,-0.00466184477500846,sub-103,4
1365,otherEv-otherSchema,4,2,-0.09476984038628627,sub-118,2
1366,otherEv-otherSchema,4,2,-0.0219669768705279,sub-118,3
1367,otherEv-otherSchema,4,2,-0.07031290144911832,sub-118,4
1368,otherEv-otherSchema,4,2,-0.051343657363142975,sub-104,2
1369,otherEv-otherSchema,4,2,-0.07071166798732223,sub-104,3
1370,otherEv-otherSchema,4,2,0.0006375537266484141,sub-104,4
1371,otherEv-otherSchema,4,2,-0.10660118586016126,sub-141,2
1372,otherEv-otherSchema,4,2,-0.12721605996119312,sub-141,3
1373,otherEv-otherSchema,4,2,-0.15011693171054644,sub-141,4
1374,otherEv-otherSchema,4,2,-0.010165251055432615,sub-132,2
1375,otherEv-otherSchema,4,2,0.005370935233875896,sub-132,3
1376,otherEv-otherSchema,4,2,0.020199610256687345,sub-132,4
1377,otherEv-otherSchema,4,2,0.002551483717742195,sub-135,2
1378,otherEv-otherSchema,4,2,0.001105245701868191,sub-135,3
1379,otherEv-otherSchema,4,2,0.00039978704437399317,sub-135,4
1380,otherEv-otherSchema,4,2,-0.0448015619133294,sub-136,2
1381,otherEv-otherSchema,4,2,-0.06632110764624179,sub-136,3
1382,otherEv-otherSchema,4,2,-0.08943159948086182,sub-136,4
1383,otherEv-otherSchema,4,2,-0.007800304360337321,sub-117,2
1384,otherEv-otherSchema,4,2,-0.04144407571292027,sub-117,3
1385,otherEv-otherSchema,4,2,-0.04101986821963077,sub-117,4
1386,otherEv-otherSchema,4,2,-0.007861864939555386,sub-112,2
1387,otherEv-otherSchema,4,2,-0.02103119897469136,sub-112,3
1388,otherEv-otherSchema,4,2,-0.003060981997070519,sub-112,4
1389,otherEv-otherSchema,4,2,-0.01662841132838244,sub-139,2
1390,otherEv-otherSchema,4,2,-0.025642573716563474,sub-139,3
1391,otherEv-otherSchema,4,2,-0.008086250780387109,sub-139,4
1392,otherEv-otherSchema,4,2,-0.016528028898608674,sub-110,2
1393,otherEv-otherSchema,4,2,-0.024968272714999563,sub-110,3
1394,otherEv-otherSchema,4,2,-0.03320513785078788,sub-110,4
1395,otherEv-otherSchema,4,2,-0.025595739241692405,sub-115,2
1396,otherEv-otherSchema,4,2,-0.01807323587287489,sub-115,3
1397,otherEv-otherSchema,4,2,-0.01404990458499918,sub-115,4
1398,otherEv-otherSchema,4,2,-0.02354436551254142,sub-125,2
1399,otherEv-otherSchema,4,2,-0.030199198410621117,sub-125,3
1400,otherEv-otherSchema,4,2,-0.04246797879719519,sub-125,4
1401,otherEv-otherSchema,4,2,-0.06388866877971443,sub-137,2
1402,otherEv-otherSchema,4,2,-0.02318960329323353,sub-137,3
1403,otherEv-otherSchema,4,2,0.005927242412236453,sub-137,4
1404,otherEv-otherSchema,4,2,-0.011221578630273366,sub-143,2
1405,otherEv-otherSchema,4,2,0.004036702204293322,sub-143,3
1406,otherEv-otherSchema,4,2,0.009876139815348345,sub-143,4
1407,otherEv-otherSchema,4,2,-0.06318865611888978,sub-119,2
1408,otherEv-otherSchema,4,2,-0.05470564399942406,sub-119,3
1409,otherEv-otherSchema,4,2,-0.004009688805647721,sub-119,4
1410,otherEv-otherSchema,4,2,-0.06942125839871102,sub-129,2
1411,otherEv-otherSchema,4,2,-0.06742416738702421,sub-129,3
1412,otherEv-otherSchema,4,2,-0.05207216029150456,sub-129,4
1413,otherEv-otherSchema,4,2,-0.01446165843713023,sub-113,2
1414,otherEv-otherSchema,4,2,-0.026232358749940083,sub-113,3
1415,otherEv-otherSchema,4,2,-0.017620704869615412,sub-113,4
1416,otherEv-otherSchema,4,2,-0.06488571422334588,sub-130,2
1417,otherEv-otherSchema,4,2,-0.014610290454065162,sub-130,3
1418,otherEv-otherSchema,4,2,0.007451811098304718,sub-130,4
1419,otherEv-otherSchema,4,2,0.01452654516640257,sub-102,2
1420,otherEv-otherSchema,4,2,0.04518117838720749,sub-102,3
1421,otherEv-otherSchema,4,2,0.06673946641170406,sub-102,4
1422,otherEv-otherSchema,4,2,-0.0696520619038379,sub-114,2
1423,otherEv-otherSchema,4,2,-0.05184085607899588,sub-114,3
1424,otherEv-otherSchema,4,2,-0.03542260843305788,sub-114,4
1425,otherEv-otherSchema,4,2,-0.03522907362051563,sub-128,2
1426,otherEv-otherSchema,4,2,-0.02913677559069298,sub-128,3
1427,otherEv-otherSchema,4,2,-0.024814222854535828,sub-128,4
1428,otherEv-otherSchema,4,2,-0.008238246170100478,sub-107,2
1429,otherEv-otherSchema,4,2,-0.004243654852807,sub-107,3
1430,otherEv-otherSchema,4,2,-0.00366398108461797,sub-107,4
1431,otherEv-otherSchema,4,2,-0.10951647653599866,sub-122,2
1432,otherEv-otherSchema,4,2,-0.038184665844258635,sub-122,3
1433,otherEv-otherSchema,4,2,-0.051758114524804125,sub-122,4
1434,otherEv-otherSchema,4,2,-0.0006266557223234267,sub-131,2
1435,otherEv-otherSchema,4,2,-0.03478010060549615,sub-131,3
1436,otherEv-otherSchema,4,2,-0.08229234660488804,sub-131,4
1437,otherEv-otherSchema,4,2,-0.014787385452275155,sub-144,2
1438,otherEv-otherSchema,4,2,-0.05334180128343674,sub-144,3
1439,otherEv-otherSchema,4,2,-0.056179570066752935,sub-144,4
